banco,rango_orden,rango_monto,serie_banco_rango,nivel_usado,serie_usada,modelo_usado,mes_base,mes_predicho,tasa_base,prediccion_tasa_t3,total_creditos_base
BBVA Colombia,6,Mayor a 100 SMLMV,BBVA Colombia | Mayor a 100 SMLMV,banco_rango,BBVA Colombia | Mayor a 100 SMLMV,xgboost,2026-02,2026-05,19.889166666666664,18.96611976623535,24.0
BBVA Colombia,4,Mayor a 12 SMLMV y menor o igual a 25 SMLMV,BBVA Colombia | Mayor a 12 SMLMV y menor o igual a 25 SMLMV,banco_rango,BBVA Colombia | Mayor a 12 SMLMV y menor o igual a 25 SMLMV,xgboost,2026-02,2026-05,23.406055396370583,21.739086151123047,2094.0
BBVA Colombia,5,Mayor a 25 SMLMV y menor o igual a 100 SMLMV,BBVA Colombia | Mayor a 25 SMLMV y menor o igual a 100 SMLMV,banco_rango,BBVA Colombia | Mayor a 25 SMLMV y menor o igual a 100 SMLMV,xgboost,2026-02,2026-05,22.57286701208981,21.120485305786133,1737.0
BBVA Colombia,2,Mayor a 3 SMLMV y menor o igual a 6 SMLMV,BBVA Colombia | Mayor a 3 SMLMV y menor o igual a 6 SMLMV,banco_rango,BBVA Colombia | Mayor a 3 SMLMV y menor o igual a 6 SMLMV,xgboost,2026-02,2026-05,24.53829001367989,22.727792739868164,3655.0
BBVA Colombia,3,Mayor a 6 SMLMV y menor o igual a 12 SMLMV,BBVA Colombia | Mayor a 6 SMLMV y menor o igual a 12 SMLMV,banco_rango,BBVA Colombia | Mayor a 6 SMLMV y menor o igual a 12 SMLMV,xgboost,2026-02,2026-05,23.870644234714813,22.051490783691406,2437.0
BBVA Colombia,1,Menor o igual a 3 SMLMV,BBVA Colombia | Menor o igual a 3 SMLMV,banco_rango,BBVA Colombia | Menor o igual a 3 SMLMV,xgboost,2026-02,2026-05,24.81015120967742,23.506149291992188,4960.0
Banco AV Villas,6,Mayor a 100 SMLMV,Banco AV Villas | Mayor a 100 SMLMV,banco_rango,Banco AV Villas | Mayor a 100 SMLMV,xgboost,2026-02,2026-05,17.35372881355932,16.65436553955078,59.0
Banco AV Villas,4,Mayor a 12 SMLMV y menor o igual a 25 SMLMV,Banco AV Villas | Mayor a 12 SMLMV y menor o igual a 25 SMLMV,banco_rango,Banco AV Villas | Mayor a 12 SMLMV y menor o igual a 25 SMLMV,xgboost,2026-02,2026-05,19.31940949935815,18.819772720336918,779.0
Banco AV Villas,5,Mayor a 25 SMLMV y menor o igual a 100 SMLMV,Banco AV Villas | Mayor a 25 SMLMV y menor o igual a 100 SMLMV,banco_rango,Banco AV Villas | Mayor a 25 SMLMV y menor o igual a 100 SMLMV,xgboost,2026-02,2026-05,17.848564257028112,16.845476150512695,996.0
Banco AV Villas,2,Mayor a 3 SMLMV y menor o igual a 6 SMLMV,Banco AV Villas | Mayor a 3 SMLMV y menor o igual a 6 SMLMV,banco_rango,Banco AV Villas | Mayor a 3 SMLMV y menor o igual a 6 SMLMV,xgboost,2026-02,2026-05,21.45174033149172,20.92445182800293,724.0
Banco AV Villas,3,Mayor a 6 SMLMV y menor o igual a 12 SMLMV,Banco AV Villas | Mayor a 6 SMLMV y menor o igual a 12 SMLMV,banco_rango,Banco AV Villas | Mayor a 6 SMLMV y menor o igual a 12 SMLMV,xgboost,2026-02,2026-05,20.34413990825688,19.706151962280277,872.0
Banco AV Villas,1,Menor o igual a 3 SMLMV,Banco AV Villas | Menor o igual a 3 SMLMV,banco_rango,Banco AV Villas | Menor o igual a 3 SMLMV,xgboost,2026-02,2026-05,21.729525691699603,21.565649032592773,253.0
Banco Agrario,6,Mayor a 100 SMLMV,Banco Agrario | Mayor a 100 SMLMV,banco,Banco Agrario,baseline_tasa_actual,2026-02,2026-05,22.37,22.26154175588865,1.0
Banco Agrario,4,Mayor a 12 SMLMV y menor o igual a 25 SMLMV,Banco Agrario | Mayor a 12 SMLMV y menor o igual a 25 SMLMV,banco_rango,Banco Agrario | Mayor a 12 SMLMV y menor o igual a 25 SMLMV,xgboost,2026-02,2026-05,22.0978021978022,21.465295791625977,91.0
Banco Agrario,5,Mayor a 25 SMLMV y menor o igual a 100 SMLMV,Banco Agrario | Mayor a 25 SMLMV y menor o igual a 100 SMLMV,banco_rango,Banco Agrario | Mayor a 25 SMLMV y menor o igual a 100 SMLMV,xgboost,2026-02,2026-05,22.271463414634145,21.296918869018555,41.0
Banco Agrario,2,Mayor a 3 SMLMV y menor o igual a 6 SMLMV,Banco Agrario | Mayor a 3 SMLMV y menor o igual a 6 SMLMV,banco_rango,Banco Agrario | Mayor a 3 SMLMV y menor o igual a 6 SMLMV,xgboost,2026-02,2026-05,22.31640350877193,21.77554702758789,114.0
Banco Agrario,3,Mayor a 6 SMLMV y menor o igual a 12 SMLMV,Banco Agrario | Mayor a 6 SMLMV y menor o igual a 12 SMLMV,banco_rango,Banco Agrario | Mayor a 6 SMLMV y menor o igual a 12 SMLMV,xgboost,2026-02,2026-05,22.212191011235955,21.6092472076416,178.0
Banco Agrario,1,Menor o igual a 3 SMLMV,Banco Agrario | Menor o igual a 3 SMLMV,banco_rango,Banco Agrario | Menor o igual a 3 SMLMV,xgboost,2026-02,2026-05,22.66428571428572,21.848899841308597,42.0
Banco Caja Social,6,Mayor a 100 SMLMV,Banco Caja Social | Mayor a 100 SMLMV,banco_rango,Banco Caja Social | Mayor a 100 SMLMV,xgboost,2026-02,2026-05,15.5125,15.506464958190918,4.0
Banco Caja Social,4,Mayor a 12 SMLMV y menor o igual a 25 SMLMV,Banco Caja Social | Mayor a 12 SMLMV y menor o igual a 25 SMLMV,banco_rango,Banco Caja Social | Mayor a 12 SMLMV y menor o igual a 25 SMLMV,xgboost,2026-02,2026-05,21.373138686131387,20.67631721496582,548.0
Banco Caja Social,5,Mayor a 25 SMLMV y menor o igual a 100 SMLMV,Banco Caja Social | Mayor a 25 SMLMV y menor o igual a 100 SMLMV,banco_rango,Banco Caja Social | Mayor a 25 SMLMV y menor o igual a 100 SMLMV,xgboost,2026-02,2026-05,18.08324427480916,17.981773376464844,262.0
Banco Caja Social,2,Mayor a 3 SMLMV y menor o igual a 6 SMLMV,Banco Caja Social | Mayor a 3 SMLMV y menor o igual a 6 SMLMV,banco_rango,Banco Caja Social | Mayor a 3 SMLMV y menor o igual a 6 SMLMV,xgboost,2026-02,2026-05,23.82740520785747,22.355262756347656,2189.0
Banco Caja Social,3,Mayor a 6 SMLMV y menor o igual a 12 SMLMV,Banco Caja Social | Mayor a 6 SMLMV y menor o igual a 12 SMLMV,banco_rango,Banco Caja Social | Mayor a 6 SMLMV y menor o igual a 12 SMLMV,xgboost,2026-02,2026-05,22.7986843730698,21.919160842895508,1619.0
Banco Caja Social,1,Menor o igual a 3 SMLMV,Banco Caja Social | Menor o igual a 3 SMLMV,banco_rango,Banco Caja Social | Menor o igual a 3 SMLMV,xgboost,2026-02,2026-05,24.048794694348327,22.49635505676269,1734.0
Banco Davibank,6,Mayor a 100 SMLMV,Banco Davibank | Mayor a 100 SMLMV,banco_rango,Banco Davibank | Mayor a 100 SMLMV,xgboost,2026-02,2026-05,21.78642335766424,20.635269165039062,4521.0
Banco Davibank,4,Mayor a 12 SMLMV y menor o igual a 25 SMLMV,Banco Davibank | Mayor a 12 SMLMV y menor o igual a 25 SMLMV,banco_rango,Banco Davibank | Mayor a 12 SMLMV y menor o igual a 25 SMLMV,xgboost,2026-02,2026-05,22.838515625000003,21.83268928527832,896.0
Banco Davibank,5,Mayor a 25 SMLMV y menor o igual a 100 SMLMV,Banco Davibank | Mayor a 25 SMLMV y menor o igual a 100 SMLMV,banco_rango,Banco Davibank | Mayor a 25 SMLMV y menor o igual a 100 SMLMV,xgboost,2026-02,2026-05,22.26360394953374,21.179969787597656,1823.0
Banco Davibank,2,Mayor a 3 SMLMV y menor o igual a 6 SMLMV,Banco Davibank | Mayor a 3 SMLMV y menor o igual a 6 SMLMV,banco_rango,Banco Davibank | Mayor a 3 SMLMV y menor o igual a 6 SMLMV,xgboost,2026-02,2026-05,23.686840855106887,22.266510009765625,421.0
Banco Davibank,3,Mayor a 6 SMLMV y menor o igual a 12 SMLMV,Banco Davibank | Mayor a 6 SMLMV y menor o igual a 12 SMLMV,banco_rango,Banco Davibank | Mayor a 6 SMLMV y menor o igual a 12 SMLMV,xgboost,2026-02,2026-05,23.32510268562401,21.98113822937012,633.0
Banco Davibank,1,Menor o igual a 3 SMLMV,Banco Davibank | Menor o igual a 3 SMLMV,banco_rango,Banco Davibank | Menor o igual a 3 SMLMV,xgboost,2026-02,2026-05,23.34921052631579,21.98113822937012,190.0
Banco Davivienda,4,Mayor a 12 SMLMV y menor o igual a 25 SMLMV,Banco Davivienda | Mayor a 12 SMLMV y menor o igual a 25 SMLMV,banco_rango,Banco Davivienda | Mayor a 12 SMLMV y menor o igual a 25 SMLMV,xgboost,2026-02,2026-05,22.23782565626548,21.1660270690918,4038.0
Banco Davivienda,5,Mayor a 25 SMLMV y menor o igual a 100 SMLMV,Banco Davivienda | Mayor a 25 SMLMV y menor o igual a 100 SMLMV,banco_rango,Banco Davivienda | Mayor a 25 SMLMV y menor o igual a 100 SMLMV,xgboost,2026-02,2026-05,21.78571355498721,20.806480407714844,1955.0
Banco Davivienda,2,Mayor a 3 SMLMV y menor o igual a 6 SMLMV,Banco Davivienda | Mayor a 3 SMLMV y menor o igual a 6 SMLMV,banco_rango,Banco Davivienda | Mayor a 3 SMLMV y menor o igual a 6 SMLMV,xgboost,2026-02,2026-05,23.36929493173742,21.964523315429688,5347.0
Banco Davivienda,3,Mayor a 6 SMLMV y menor o igual a 12 SMLMV,Banco Davivienda | Mayor a 6 SMLMV y menor o igual a 12 SMLMV,banco_rango,Banco Davivienda | Mayor a 6 SMLMV y menor o igual a 12 SMLMV,xgboost,2026-02,2026-05,23.19748660084626,21.5540828704834,7090.0
Banco Davivienda,1,Menor o igual a 3 SMLMV,Banco Davivienda | Menor o igual a 3 SMLMV,banco_rango,Banco Davivienda | Menor o igual a 3 SMLMV,xgboost,2026-02,2026-05,23.60986821015138,22.249895095825195,5615.0
Banco Falabella,6,Mayor a 100 SMLMV,Banco Falabella | Mayor a 100 SMLMV,banco_rango,Banco Falabella | Mayor a 100 SMLMV,xgboost,2026-02,2026-05,20.12833333333333,18.930879592895508,6.0
Banco Falabella,4,Mayor a 12 SMLMV y menor o igual a 25 SMLMV,Banco Falabella | Mayor a 12 SMLMV y menor o igual a 25 SMLMV,banco_rango,Banco Falabella | Mayor a 12 SMLMV y menor o igual a 25 SMLMV,xgboost,2026-02,2026-05,21.18920735573874,20.1466064453125,1577.0
Banco Falabella,5,Mayor a 25 SMLMV y menor o igual a 100 SMLMV,Banco Falabella | Mayor a 25 SMLMV y menor o igual a 100 SMLMV,banco_rango,Banco Falabella | Mayor a 25 SMLMV y menor o igual a 100 SMLMV,xgboost,2026-02,2026-05,18.900036429872497,18.141342163085938,549.0
Banco Falabella,2,Mayor a 3 SMLMV y menor o igual a 6 SMLMV,Banco Falabella | Mayor a 3 SMLMV y menor o igual a 6 SMLMV,banco_rango,Banco Falabella | Mayor a 3 SMLMV y menor o igual a 6 SMLMV,xgboost,2026-02,2026-05,23.990926821892952,22.408809661865234,6614.0
Banco Falabella,3,Mayor a 6 SMLMV y menor o igual a 12 SMLMV,Banco Falabella | Mayor a 6 SMLMV y menor o igual a 12 SMLMV,banco_rango,Banco Falabella | Mayor a 6 SMLMV y menor o igual a 12 SMLMV,xgboost,2026-02,2026-05,22.961184988179667,21.98113822937012,3384.0
Banco Falabella,1,Menor o igual a 3 SMLMV,Banco Falabella | Menor o igual a 3 SMLMV,banco_rango,Banco Falabella | Menor o igual a 3 SMLMV,xgboost,2026-02,2026-05,23.58344833197722,22.266510009765625,6145.0
Banco GNB Sudameris,6,Mayor a 100 SMLMV,Banco GNB Sudameris | Mayor a 100 SMLMV,banco,Banco GNB Sudameris,baseline_tasa_actual,2026-02,2026-05,15.346666666666666,17.729,3.0
Banco GNB Sudameris,4,Mayor a 12 SMLMV y menor o igual a 25 SMLMV,Banco GNB Sudameris | Mayor a 12 SMLMV y menor o igual a 25 SMLMV,banco,Banco GNB Sudameris,baseline_tasa_actual,2026-02,2026-05,17.12,17.729,1.0
Banco GNB Sudameris,5,Mayor a 25 SMLMV y menor o igual a 100 SMLMV,Banco GNB Sudameris | Mayor a 25 SMLMV y menor o igual a 100 SMLMV,banco,Banco GNB Sudameris,baseline_tasa_actual,2026-02,2026-05,19.305,17.729,4.0
Banco GNB Sudameris,3,Mayor a 6 SMLMV y menor o igual a 12 SMLMV,Banco GNB Sudameris | Mayor a 6 SMLMV y menor o igual a 12 SMLMV,banco,Banco GNB Sudameris,baseline_tasa_actual,2026-02,2026-05,18.455,17.729,2.0
Banco Mundo Mujer,4,Mayor a 12 SMLMV y menor o igual a 25 SMLMV,Banco Mundo Mujer | Mayor a 12 SMLMV y menor o igual a 25 SMLMV,banco_rango,Banco Mundo Mujer | Mayor a 12 SMLMV y menor o igual a 25 SMLMV,xgboost,2026-02,2026-05,24.99833333333333,23.45611572265625,18.0
Banco Mundo Mujer,2,Mayor a 3 SMLMV y menor o igual a 6 SMLMV,Banco Mundo Mujer | Mayor a 3 SMLMV y menor o igual a 6 SMLMV,banco_rango,Banco Mundo Mujer | Mayor a 3 SMLMV y menor o igual a 6 SMLMV,xgboost,2026-02,2026-05,25.12931781701445,23.525972366333008,1246.0
Banco Mundo Mujer,3,Mayor a 6 SMLMV y menor o igual a 12 SMLMV,Banco Mundo Mujer | Mayor a 6 SMLMV y menor o igual a 12 SMLMV,banco_rango,Banco Mundo Mujer | Mayor a 6 SMLMV y menor o igual a 12 SMLMV,xgboost,2026-02,2026-05,25.07420718816068,23.525972366333008,473.0
Banco Mundo Mujer,1,Menor o igual a 3 SMLMV,Banco Mundo Mujer | Menor o igual a 3 SMLMV,banco_rango,Banco Mundo Mujer | Menor o igual a 3 SMLMV,xgboost,2026-02,2026-05,25.14386580846499,23.525972366333008,5127.0
Banco Popular,5,Mayor a 25 SMLMV y menor o igual a 100 SMLMV,Banco Popular | Mayor a 25 SMLMV y menor o igual a 100 SMLMV,banco_rango,Banco Popular | Mayor a 25 SMLMV y menor o igual a 100 SMLMV,xgboost,2026-02,2026-05,25.1,21.949892044067383,1.0
Banco Popular,3,Mayor a 6 SMLMV y menor o igual a 12 SMLMV,Banco Popular | Mayor a 6 SMLMV y menor o igual a 12 SMLMV,banco_rango,Banco Popular | Mayor a 6 SMLMV y menor o igual a 12 SMLMV,xgboost,2026-02,2026-05,24.65,22.66985893249512,2.0
Banco Popular,1,Menor o igual a 3 SMLMV,Banco Popular | Menor o igual a 3 SMLMV,banco,Banco Popular,baseline_tasa_actual,2026-02,2026-05,24.97,24.8425,1.0
Banco Santander,5,Mayor a 25 SMLMV y menor o igual a 100 SMLMV,Banco Santander | Mayor a 25 SMLMV y menor o igual a 100 SMLMV,rango,Mayor a 25 SMLMV y menor o igual a 100 SMLMV,baseline_tasa_actual,2026-02,2026-05,5.0,20.332931313921645,1.0
Banco Serfinanza,6,Mayor a 100 SMLMV,Banco Serfinanza | Mayor a 100 SMLMV,banco,Banco Serfinanza,baseline_tasa_actual,2026-02,2026-05,15.212,19.02458923512748,5.0
Banco Serfinanza,4,Mayor a 12 SMLMV y menor o igual a 25 SMLMV,Banco Serfinanza | Mayor a 12 SMLMV y menor o igual a 25 SMLMV,banco_rango,Banco Serfinanza | Mayor a 12 SMLMV y menor o igual a 25 SMLMV,xgboost,2026-02,2026-05,18.06,18.183752059936523,61.0
Banco Serfinanza,5,Mayor a 25 SMLMV y menor o igual a 100 SMLMV,Banco Serfinanza | Mayor a 25 SMLMV y menor o igual a 100 SMLMV,banco_rango,Banco Serfinanza | Mayor a 25 SMLMV y menor o igual a 100 SMLMV,xgboost,2026-02,2026-05,14.415909090909093,16.574554443359375,22.0
Banco Serfinanza,2,Mayor a 3 SMLMV y menor o igual a 6 SMLMV,Banco Serfinanza | Mayor a 3 SMLMV y menor o igual a 6 SMLMV,banco_rango,Banco Serfinanza | Mayor a 3 SMLMV y menor o igual a 6 SMLMV,xgboost,2026-02,2026-05,19.79614583333333,19.177675247192383,96.0
Banco Serfinanza,3,Mayor a 6 SMLMV y menor o igual a 12 SMLMV,Banco Serfinanza | Mayor a 6 SMLMV y menor o igual a 12 SMLMV,banco_rango,Banco Serfinanza | Mayor a 6 SMLMV y menor o igual a 12 SMLMV,xgboost,2026-02,2026-05,18.939411764705884,18.466598510742188,68.0
Banco Serfinanza,1,Menor o igual a 3 SMLMV,Banco Serfinanza | Menor o igual a 3 SMLMV,banco_rango,Banco Serfinanza | Menor o igual a 3 SMLMV,xgboost,2026-02,2026-05,20.123762376237625,19.430368423461918,101.0
Banco Unión,4,Mayor a 12 SMLMV y menor o igual a 25 SMLMV,Banco Unión | Mayor a 12 SMLMV y menor o igual a 25 SMLMV,banco,Banco Unión,baseline_tasa_actual,2026-02,2026-05,25.19,25.19,2.0
Banco Unión,5,Mayor a 25 SMLMV y menor o igual a 100 SMLMV,Banco Unión | Mayor a 25 SMLMV y menor o igual a 100 SMLMV,banco,Banco Unión,baseline_tasa_actual,2026-02,2026-05,25.19,25.19,3.0
Banco Unión,2,Mayor a 3 SMLMV y menor o igual a 6 SMLMV,Banco Unión | Mayor a 3 SMLMV y menor o igual a 6 SMLMV,banco_rango,Banco Unión | Mayor a 3 SMLMV y menor o igual a 6 SMLMV,xgboost,2026-02,2026-05,25.19,23.357009887695312,13.0
Banco Unión,3,Mayor a 6 SMLMV y menor o igual a 12 SMLMV,Banco Unión | Mayor a 6 SMLMV y menor o igual a 12 SMLMV,banco_rango,Banco Unión | Mayor a 6 SMLMV y menor o igual a 12 SMLMV,xgboost,2026-02,2026-05,25.19,23.56624984741211,15.0
Banco Unión,1,Menor o igual a 3 SMLMV,Banco Unión | Menor o igual a 3 SMLMV,banco_rango,Banco Unión | Menor o igual a 3 SMLMV,xgboost,2026-02,2026-05,25.19,23.479196548461918,6.0
Banco de Bogotá,6,Mayor a 100 SMLMV,Banco de Bogotá | Mayor a 100 SMLMV,banco_rango,Banco de Bogotá | Mayor a 100 SMLMV,xgboost,2026-02,2026-05,14.955276381909547,15.320459365844728,199.0
Banco de Bogotá,4,Mayor a 12 SMLMV y menor o igual a 25 SMLMV,Banco de Bogotá | Mayor a 12 SMLMV y menor o igual a 25 SMLMV,banco_rango,Banco de Bogotá | Mayor a 12 SMLMV y menor o igual a 25 SMLMV,xgboost,2026-02,2026-05,22.822473618870266,21.53919792175293,3222.0
Banco de Bogotá,5,Mayor a 25 SMLMV y menor o igual a 100 SMLMV,Banco de Bogotá | Mayor a 25 SMLMV y menor o igual a 100 SMLMV,banco_rango,Banco de Bogotá | Mayor a 25 SMLMV y menor o igual a 100 SMLMV,xgboost,2026-02,2026-05,19.42338466923346,18.465723037719727,2857.0
Banco de Bogotá,2,Mayor a 3 SMLMV y menor o igual a 6 SMLMV,Banco de Bogotá | Mayor a 3 SMLMV y menor o igual a 6 SMLMV,banco_rango,Banco de Bogotá | Mayor a 3 SMLMV y menor o igual a 6 SMLMV,xgboost,2026-02,2026-05,24.55679511456164,22.738073348999023,10562.0
Banco de Bogotá,3,Mayor a 6 SMLMV y menor o igual a 12 SMLMV,Banco de Bogotá | Mayor a 6 SMLMV y menor o igual a 12 SMLMV,banco_rango,Banco de Bogotá | Mayor a 6 SMLMV y menor o igual a 12 SMLMV,xgboost,2026-02,2026-05,24.28933153770813,22.649320602416992,8168.0
Banco de Bogotá,1,Menor o igual a 3 SMLMV,Banco de Bogotá | Menor o igual a 3 SMLMV,banco_rango,Banco de Bogotá | Menor o igual a 3 SMLMV,xgboost,2026-02,2026-05,24.74609798728813,23.374561309814453,18880.0
Banco de Occidente,6,Mayor a 100 SMLMV,Banco de Occidente | Mayor a 100 SMLMV,banco_rango,Banco de Occidente | Mayor a 100 SMLMV,xgboost,2026-02,2026-05,19.13691176470588,17.986061096191406,136.0
Banco de Occidente,4,Mayor a 12 SMLMV y menor o igual a 25 SMLMV,Banco de Occidente | Mayor a 12 SMLMV y menor o igual a 25 SMLMV,banco_rango,Banco de Occidente | Mayor a 12 SMLMV y menor o igual a 25 SMLMV,xgboost,2026-02,2026-05,22.18447415329768,21.128950119018555,561.0
Banco de Occidente,5,Mayor a 25 SMLMV y menor o igual a 100 SMLMV,Banco de Occidente | Mayor a 25 SMLMV y menor o igual a 100 SMLMV,banco_rango,Banco de Occidente | Mayor a 25 SMLMV y menor o igual a 100 SMLMV,xgboost,2026-02,2026-05,20.715181660899653,19.48003387451172,1156.0
Banco de Occidente,2,Mayor a 3 SMLMV y menor o igual a 6 SMLMV,Banco de Occidente | Mayor a 3 SMLMV y menor o igual a 6 SMLMV,banco_rango,Banco de Occidente | Mayor a 3 SMLMV y menor o igual a 6 SMLMV,xgboost,2026-02,2026-05,22.89511111111112,21.5540828704834,135.0
Banco de Occidente,3,Mayor a 6 SMLMV y menor o igual a 12 SMLMV,Banco de Occidente | Mayor a 6 SMLMV y menor o igual a 12 SMLMV,banco_rango,Banco de Occidente | Mayor a 6 SMLMV y menor o igual a 12 SMLMV,xgboost,2026-02,2026-05,22.978525073746315,21.5540828704834,339.0
Banco de Occidente,1,Menor o igual a 3 SMLMV,Banco de Occidente | Menor o igual a 3 SMLMV,banco_rango,Banco de Occidente | Menor o igual a 3 SMLMV,xgboost,2026-02,2026-05,23.38394366197183,21.640535354614254,71.0
Bancolombia,6,Mayor a 100 SMLMV,Bancolombia | Mayor a 100 SMLMV,banco_rango,Bancolombia | Mayor a 100 SMLMV,xgboost,2026-02,2026-05,17.543870967741935,16.65436553955078,341.0
Bancolombia,4,Mayor a 12 SMLMV y menor o igual a 25 SMLMV,Bancolombia | Mayor a 12 SMLMV y menor o igual a 25 SMLMV,banco_rango,Bancolombia | Mayor a 12 SMLMV y menor o igual a 25 SMLMV,xgboost,2026-02,2026-05,21.25018900843268,20.11610984802246,6878.0
Bancolombia,5,Mayor a 25 SMLMV y menor o igual a 100 SMLMV,Bancolombia | Mayor a 25 SMLMV y menor o igual a 100 SMLMV,banco_rango,Bancolombia | Mayor a 25 SMLMV y menor o igual a 100 SMLMV,xgboost,2026-02,2026-05,20.057403939925884,19.11518096923828,5127.0
Bancolombia,2,Mayor a 3 SMLMV y menor o igual a 6 SMLMV,Bancolombia | Mayor a 3 SMLMV y menor o igual a 6 SMLMV,banco_rango,Bancolombia | Mayor a 3 SMLMV y menor o igual a 6 SMLMV,xgboost,2026-02,2026-05,22.650391095066187,21.848899841308597,11634.0
Bancolombia,3,Mayor a 6 SMLMV y menor o igual a 12 SMLMV,Bancolombia | Mayor a 6 SMLMV y menor o igual a 12 SMLMV,banco_rango,Bancolombia | Mayor a 6 SMLMV y menor o igual a 12 SMLMV,xgboost,2026-02,2026-05,21.736364416125475,21.25028610229492,8161.0
Bancolombia,1,Menor o igual a 3 SMLMV,Bancolombia | Menor o igual a 3 SMLMV,banco_rango,Bancolombia | Menor o igual a 3 SMLMV,xgboost,2026-02,2026-05,23.69479434886636,22.266510009765625,8777.0
Bancoomeva,6,Mayor a 100 SMLMV,Bancoomeva | Mayor a 100 SMLMV,banco_rango,Bancoomeva | Mayor a 100 SMLMV,xgboost,2026-02,2026-05,16.96688888888889,16.65436553955078,45.0
Bancoomeva,4,Mayor a 12 SMLMV y menor o igual a 25 SMLMV,Bancoomeva | Mayor a 12 SMLMV y menor o igual a 25 SMLMV,banco_rango,Bancoomeva | Mayor a 12 SMLMV y menor o igual a 25 SMLMV,xgboost,2026-02,2026-05,19.53760975609756,19.01641845703125,205.0
Bancoomeva,5,Mayor a 25 SMLMV y menor o igual a 100 SMLMV,Bancoomeva | Mayor a 25 SMLMV y menor o igual a 100 SMLMV,banco_rango,Bancoomeva | Mayor a 25 SMLMV y menor o igual a 100 SMLMV,xgboost,2026-02,2026-05,18.95697802197802,17.931262969970703,364.0
Bancoomeva,2,Mayor a 3 SMLMV y menor o igual a 6 SMLMV,Bancoomeva | Mayor a 3 SMLMV y menor o igual a 6 SMLMV,banco_rango,Bancoomeva | Mayor a 3 SMLMV y menor o igual a 6 SMLMV,xgboost,2026-02,2026-05,20.699102564102564,20.165058135986328,78.0
Bancoomeva,3,Mayor a 6 SMLMV y menor o igual a 12 SMLMV,Bancoomeva | Mayor a 6 SMLMV y menor o igual a 12 SMLMV,banco_rango,Bancoomeva | Mayor a 6 SMLMV y menor o igual a 12 SMLMV,xgboost,2026-02,2026-05,20.120898876404496,19.74322891235352,178.0
Bancoomeva,1,Menor o igual a 3 SMLMV,Bancoomeva | Menor o igual a 3 SMLMV,banco_rango,Bancoomeva | Menor o igual a 3 SMLMV,xgboost,2026-02,2026-05,20.884651162790696,20.22304344177246,43.0
Coopcentral,6,Mayor a 100 SMLMV,Coopcentral | Mayor a 100 SMLMV,banco,Coopcentral,baseline_tasa_actual,2026-02,2026-05,14.0,18.07692307692308,1.0
Coopcentral,4,Mayor a 12 SMLMV y menor o igual a 25 SMLMV,Coopcentral | Mayor a 12 SMLMV y menor o igual a 25 SMLMV,banco,Coopcentral,baseline_tasa_actual,2026-02,2026-05,17.75,18.07692307692308,4.0
Coopcentral,5,Mayor a 25 SMLMV y menor o igual a 100 SMLMV,Coopcentral | Mayor a 25 SMLMV y menor o igual a 100 SMLMV,banco_rango,Coopcentral | Mayor a 25 SMLMV y menor o igual a 100 SMLMV,xgboost,2026-02,2026-05,13.0,16.110380172729492,2.0
Coopcentral,2,Mayor a 3 SMLMV y menor o igual a 6 SMLMV,Coopcentral | Mayor a 3 SMLMV y menor o igual a 6 SMLMV,banco,Coopcentral,baseline_tasa_actual,2026-02,2026-05,20.25,18.07692307692308,4.0
Coopcentral,3,Mayor a 6 SMLMV y menor o igual a 12 SMLMV,Coopcentral | Mayor a 6 SMLMV y menor o igual a 12 SMLMV,banco,Coopcentral,baseline_tasa_actual,2026-02,2026-05,21.5,18.07692307692308,2.0
Finandina,4,Mayor a 12 SMLMV y menor o igual a 25 SMLMV,Finandina | Mayor a 12 SMLMV y menor o igual a 25 SMLMV,banco_rango,Finandina | Mayor a 12 SMLMV y menor o igual a 25 SMLMV,xgboost,2026-02,2026-05,23.773030303030303,21.87856674194336,165.0
Finandina,5,Mayor a 25 SMLMV y menor o igual a 100 SMLMV,Finandina | Mayor a 25 SMLMV y menor o igual a 100 SMLMV,banco_rango,Finandina | Mayor a 25 SMLMV y menor o igual a 100 SMLMV,xgboost,2026-02,2026-05,23.248125,21.282981872558597,48.0
Finandina,2,Mayor a 3 SMLMV y menor o igual a 6 SMLMV,Finandina | Mayor a 3 SMLMV y menor o igual a 6 SMLMV,banco_rango,Finandina | Mayor a 3 SMLMV y menor o igual a 6 SMLMV,xgboost,2026-02,2026-05,24.62685185185185,22.738073348999023,54.0
Finandina,3,Mayor a 6 SMLMV y menor o igual a 12 SMLMV,Finandina | Mayor a 6 SMLMV y menor o igual a 12 SMLMV,banco_rango,Finandina | Mayor a 6 SMLMV y menor o igual a 12 SMLMV,xgboost,2026-02,2026-05,24.03333333333333,22.442790985107425,108.0
Finandina,1,Menor o igual a 3 SMLMV,Finandina | Menor o igual a 3 SMLMV,banco_rango,Finandina | Menor o igual a 3 SMLMV,xgboost,2026-02,2026-05,24.616,22.738073348999023,20.0
Itaú,6,Mayor a 100 SMLMV,Itaú | Mayor a 100 SMLMV,banco_rango,Itaú | Mayor a 100 SMLMV,xgboost,2026-02,2026-05,16.899780219780222,16.65436553955078,182.0
Itaú,4,Mayor a 12 SMLMV y menor o igual a 25 SMLMV,Itaú | Mayor a 12 SMLMV y menor o igual a 25 SMLMV,banco_rango,Itaú | Mayor a 12 SMLMV y menor o igual a 25 SMLMV,xgboost,2026-02,2026-05,18.482316513761468,18.495391845703125,436.0
Itaú,5,Mayor a 25 SMLMV y menor o igual a 100 SMLMV,Itaú | Mayor a 25 SMLMV y menor o igual a 100 SMLMV,banco_rango,Itaú | Mayor a 25 SMLMV y menor o igual a 100 SMLMV,xgboost,2026-02,2026-05,17.556456599286562,17.220849990844727,841.0
Itaú,2,Mayor a 3 SMLMV y menor o igual a 6 SMLMV,Itaú | Mayor a 3 SMLMV y menor o igual a 6 SMLMV,banco_rango,Itaú | Mayor a 3 SMLMV y menor o igual a 6 SMLMV,xgboost,2026-02,2026-05,19.68646258503401,19.453458786010746,147.0
Itaú,3,Mayor a 6 SMLMV y menor o igual a 12 SMLMV,Itaú | Mayor a 6 SMLMV y menor o igual a 12 SMLMV,banco_rango,Itaú | Mayor a 6 SMLMV y menor o igual a 12 SMLMV,xgboost,2026-02,2026-05,19.14122033898305,19.04919815063477,295.0
Itaú,1,Menor o igual a 3 SMLMV,Itaú | Menor o igual a 3 SMLMV,banco_rango,Itaú | Menor o igual a 3 SMLMV,xgboost,2026-02,2026-05,19.54138888888889,19.36750221252441,36.0
Lulo Bank,4,Mayor a 12 SMLMV y menor o igual a 25 SMLMV,Lulo Bank | Mayor a 12 SMLMV y menor o igual a 25 SMLMV,banco_rango,Lulo Bank | Mayor a 12 SMLMV y menor o igual a 25 SMLMV,xgboost,2026-02,2026-05,20.115079681274903,19.63629531860352,502.0
Lulo Bank,5,Mayor a 25 SMLMV y menor o igual a 100 SMLMV,Lulo Bank | Mayor a 25 SMLMV y menor o igual a 100 SMLMV,banco_rango,Lulo Bank | Mayor a 25 SMLMV y menor o igual a 100 SMLMV,xgboost,2026-02,2026-05,19.666153846153847,18.81573867797852,104.0
Lulo Bank,2,Mayor a 3 SMLMV y menor o igual a 6 SMLMV,Lulo Bank | Mayor a 3 SMLMV y menor o igual a 6 SMLMV,banco_rango,Lulo Bank | Mayor a 3 SMLMV y menor o igual a 6 SMLMV,xgboost,2026-02,2026-05,21.079168241965974,20.41487693786621,1587.0
Lulo Bank,3,Mayor a 6 SMLMV y menor o igual a 12 SMLMV,Lulo Bank | Mayor a 6 SMLMV y menor o igual a 12 SMLMV,banco_rango,Lulo Bank | Mayor a 6 SMLMV y menor o igual a 12 SMLMV,xgboost,2026-02,2026-05,20.65184090909091,20.18596649169922,1320.0
Lulo Bank,1,Menor o igual a 3 SMLMV,Lulo Bank | Menor o igual a 3 SMLMV,banco_rango,Lulo Bank | Menor o igual a 3 SMLMV,xgboost,2026-02,2026-05,21.7222563274098,21.25028610229492,3714.0
