banco,rango_orden,rango_monto,serie_banco_rango,nivel_usado,serie_usada,modelo_usado,mes_base,mes_predicho,tasa_base,prediccion_tasa_t3,total_creditos_base,modelo_recomendado,prediccion_original_tasa_t3,prediccion_recomendada_tasa_t3
BBVA Colombia,6,Mayor a 100 SMLMV,BBVA Colombia | Mayor a 100 SMLMV,banco_rango,BBVA Colombia | Mayor a 100 SMLMV,baseline_tasa_actual,2026-02,2026-05,19.889166666666664,19.889166666666664,24.0,baseline_tasa_actual,18.96611976623535,19.889166666666664
BBVA Colombia,4,Mayor a 12 SMLMV y menor o igual a 25 SMLMV,BBVA Colombia | Mayor a 12 SMLMV y menor o igual a 25 SMLMV,banco_rango,BBVA Colombia | Mayor a 12 SMLMV y menor o igual a 25 SMLMV,baseline_tasa_actual,2026-02,2026-05,23.406055396370583,23.406055396370583,2094.0,baseline_tasa_actual,21.739086151123047,23.406055396370583
BBVA Colombia,5,Mayor a 25 SMLMV y menor o igual a 100 SMLMV,BBVA Colombia | Mayor a 25 SMLMV y menor o igual a 100 SMLMV,banco_rango,BBVA Colombia | Mayor a 25 SMLMV y menor o igual a 100 SMLMV,baseline_tasa_actual,2026-02,2026-05,22.57286701208981,22.57286701208981,1737.0,baseline_tasa_actual,21.120485305786133,22.57286701208981
BBVA Colombia,2,Mayor a 3 SMLMV y menor o igual a 6 SMLMV,BBVA Colombia | Mayor a 3 SMLMV y menor o igual a 6 SMLMV,banco_rango,BBVA Colombia | Mayor a 3 SMLMV y menor o igual a 6 SMLMV,baseline_tasa_actual,2026-02,2026-05,24.53829001367989,24.53829001367989,3655.0,baseline_tasa_actual,22.727792739868164,24.53829001367989
BBVA Colombia,3,Mayor a 6 SMLMV y menor o igual a 12 SMLMV,BBVA Colombia | Mayor a 6 SMLMV y menor o igual a 12 SMLMV,banco_rango,BBVA Colombia | Mayor a 6 SMLMV y menor o igual a 12 SMLMV,baseline_tasa_actual,2026-02,2026-05,23.870644234714813,23.870644234714813,2437.0,baseline_tasa_actual,22.051490783691406,23.870644234714813
BBVA Colombia,1,Menor o igual a 3 SMLMV,BBVA Colombia | Menor o igual a 3 SMLMV,banco_rango,BBVA Colombia | Menor o igual a 3 SMLMV,baseline_tasa_actual,2026-02,2026-05,24.81015120967742,24.81015120967742,4960.0,baseline_tasa_actual,23.506149291992188,24.81015120967742
Banco AV Villas,6,Mayor a 100 SMLMV,Banco AV Villas | Mayor a 100 SMLMV,banco_rango,Banco AV Villas | Mayor a 100 SMLMV,baseline_tasa_actual,2026-02,2026-05,17.35372881355932,17.35372881355932,59.0,baseline_tasa_actual,16.65436553955078,17.35372881355932
Banco AV Villas,4,Mayor a 12 SMLMV y menor o igual a 25 SMLMV,Banco AV Villas | Mayor a 12 SMLMV y menor o igual a 25 SMLMV,banco_rango,Banco AV Villas | Mayor a 12 SMLMV y menor o igual a 25 SMLMV,baseline_tasa_actual,2026-02,2026-05,19.31940949935815,19.31940949935815,779.0,baseline_tasa_actual,18.81977272033692,19.31940949935815
Banco AV Villas,5,Mayor a 25 SMLMV y menor o igual a 100 SMLMV,Banco AV Villas | Mayor a 25 SMLMV y menor o igual a 100 SMLMV,banco_rango,Banco AV Villas | Mayor a 25 SMLMV y menor o igual a 100 SMLMV,baseline_tasa_actual,2026-02,2026-05,17.848564257028112,17.848564257028112,996.0,baseline_tasa_actual,16.845476150512695,17.848564257028112
Banco AV Villas,2,Mayor a 3 SMLMV y menor o igual a 6 SMLMV,Banco AV Villas | Mayor a 3 SMLMV y menor o igual a 6 SMLMV,banco_rango,Banco AV Villas | Mayor a 3 SMLMV y menor o igual a 6 SMLMV,baseline_tasa_actual,2026-02,2026-05,21.45174033149172,21.45174033149172,724.0,baseline_tasa_actual,20.92445182800293,21.45174033149172
Banco AV Villas,3,Mayor a 6 SMLMV y menor o igual a 12 SMLMV,Banco AV Villas | Mayor a 6 SMLMV y menor o igual a 12 SMLMV,banco_rango,Banco AV Villas | Mayor a 6 SMLMV y menor o igual a 12 SMLMV,baseline_tasa_actual,2026-02,2026-05,20.34413990825688,20.34413990825688,872.0,baseline_tasa_actual,19.70615196228028,20.34413990825688
Banco AV Villas,1,Menor o igual a 3 SMLMV,Banco AV Villas | Menor o igual a 3 SMLMV,banco_rango,Banco AV Villas | Menor o igual a 3 SMLMV,baseline_tasa_actual,2026-02,2026-05,21.729525691699603,21.729525691699603,253.0,baseline_tasa_actual,21.565649032592773,21.729525691699603
Banco Agrario,6,Mayor a 100 SMLMV,Banco Agrario | Mayor a 100 SMLMV,banco,Banco Agrario,baseline_tasa_actual,2026-02,2026-05,22.37,22.26154175588865,1.0,baseline_tasa_actual,22.26154175588865,22.26154175588865
Banco Agrario,4,Mayor a 12 SMLMV y menor o igual a 25 SMLMV,Banco Agrario | Mayor a 12 SMLMV y menor o igual a 25 SMLMV,banco_rango,Banco Agrario | Mayor a 12 SMLMV y menor o igual a 25 SMLMV,baseline_tasa_actual,2026-02,2026-05,22.0978021978022,22.0978021978022,91.0,baseline_tasa_actual,21.465295791625977,22.0978021978022
Banco Agrario,5,Mayor a 25 SMLMV y menor o igual a 100 SMLMV,Banco Agrario | Mayor a 25 SMLMV y menor o igual a 100 SMLMV,banco_rango,Banco Agrario | Mayor a 25 SMLMV y menor o igual a 100 SMLMV,baseline_tasa_actual,2026-02,2026-05,22.271463414634145,22.271463414634145,41.0,baseline_tasa_actual,21.296918869018555,22.271463414634145
Banco Agrario,2,Mayor a 3 SMLMV y menor o igual a 6 SMLMV,Banco Agrario | Mayor a 3 SMLMV y menor o igual a 6 SMLMV,banco_rango,Banco Agrario | Mayor a 3 SMLMV y menor o igual a 6 SMLMV,baseline_tasa_actual,2026-02,2026-05,22.31640350877193,22.31640350877193,114.0,baseline_tasa_actual,21.77554702758789,22.31640350877193
Banco Agrario,3,Mayor a 6 SMLMV y menor o igual a 12 SMLMV,Banco Agrario | Mayor a 6 SMLMV y menor o igual a 12 SMLMV,banco_rango,Banco Agrario | Mayor a 6 SMLMV y menor o igual a 12 SMLMV,baseline_tasa_actual,2026-02,2026-05,22.212191011235955,22.212191011235955,178.0,baseline_tasa_actual,21.6092472076416,22.212191011235955
Banco Agrario,1,Menor o igual a 3 SMLMV,Banco Agrario | Menor o igual a 3 SMLMV,banco_rango,Banco Agrario | Menor o igual a 3 SMLMV,baseline_tasa_actual,2026-02,2026-05,22.66428571428572,22.66428571428572,42.0,baseline_tasa_actual,21.8488998413086,22.66428571428572
Banco Caja Social,6,Mayor a 100 SMLMV,Banco Caja Social | Mayor a 100 SMLMV,banco_rango,Banco Caja Social | Mayor a 100 SMLMV,baseline_tasa_actual,2026-02,2026-05,15.5125,15.5125,4.0,baseline_tasa_actual,15.506464958190918,15.5125
Banco Caja Social,4,Mayor a 12 SMLMV y menor o igual a 25 SMLMV,Banco Caja Social | Mayor a 12 SMLMV y menor o igual a 25 SMLMV,banco_rango,Banco Caja Social | Mayor a 12 SMLMV y menor o igual a 25 SMLMV,baseline_tasa_actual,2026-02,2026-05,21.373138686131387,21.373138686131387,548.0,baseline_tasa_actual,20.67631721496582,21.373138686131387
Banco Caja Social,5,Mayor a 25 SMLMV y menor o igual a 100 SMLMV,Banco Caja Social | Mayor a 25 SMLMV y menor o igual a 100 SMLMV,banco_rango,Banco Caja Social | Mayor a 25 SMLMV y menor o igual a 100 SMLMV,baseline_tasa_actual,2026-02,2026-05,18.08324427480916,18.08324427480916,262.0,baseline_tasa_actual,17.981773376464844,18.08324427480916
Banco Caja Social,2,Mayor a 3 SMLMV y menor o igual a 6 SMLMV,Banco Caja Social | Mayor a 3 SMLMV y menor o igual a 6 SMLMV,banco_rango,Banco Caja Social | Mayor a 3 SMLMV y menor o igual a 6 SMLMV,baseline_tasa_actual,2026-02,2026-05,23.82740520785747,23.82740520785747,2189.0,baseline_tasa_actual,22.355262756347656,23.82740520785747
Banco Caja Social,3,Mayor a 6 SMLMV y menor o igual a 12 SMLMV,Banco Caja Social | Mayor a 6 SMLMV y menor o igual a 12 SMLMV,banco_rango,Banco Caja Social | Mayor a 6 SMLMV y menor o igual a 12 SMLMV,baseline_tasa_actual,2026-02,2026-05,22.7986843730698,22.7986843730698,1619.0,baseline_tasa_actual,21.919160842895508,22.7986843730698
Banco Caja Social,1,Menor o igual a 3 SMLMV,Banco Caja Social | Menor o igual a 3 SMLMV,banco_rango,Banco Caja Social | Menor o igual a 3 SMLMV,baseline_tasa_actual,2026-02,2026-05,24.048794694348327,24.048794694348327,1734.0,baseline_tasa_actual,22.49635505676269,24.048794694348327
Banco Davibank,6,Mayor a 100 SMLMV,Banco Davibank | Mayor a 100 SMLMV,banco_rango,Banco Davibank | Mayor a 100 SMLMV,baseline_tasa_actual,2026-02,2026-05,21.78642335766424,21.78642335766424,4521.0,baseline_tasa_actual,20.635269165039062,21.78642335766424
Banco Davibank,4,Mayor a 12 SMLMV y menor o igual a 25 SMLMV,Banco Davibank | Mayor a 12 SMLMV y menor o igual a 25 SMLMV,banco_rango,Banco Davibank | Mayor a 12 SMLMV y menor o igual a 25 SMLMV,baseline_tasa_actual,2026-02,2026-05,22.838515625000003,22.838515625000003,896.0,baseline_tasa_actual,21.83268928527832,22.838515625000003
Banco Davibank,5,Mayor a 25 SMLMV y menor o igual a 100 SMLMV,Banco Davibank | Mayor a 25 SMLMV y menor o igual a 100 SMLMV,banco_rango,Banco Davibank | Mayor a 25 SMLMV y menor o igual a 100 SMLMV,baseline_tasa_actual,2026-02,2026-05,22.26360394953374,22.26360394953374,1823.0,baseline_tasa_actual,21.179969787597656,22.26360394953374
Banco Davibank,2,Mayor a 3 SMLMV y menor o igual a 6 SMLMV,Banco Davibank | Mayor a 3 SMLMV y menor o igual a 6 SMLMV,banco_rango,Banco Davibank | Mayor a 3 SMLMV y menor o igual a 6 SMLMV,baseline_tasa_actual,2026-02,2026-05,23.686840855106887,23.686840855106887,421.0,baseline_tasa_actual,22.266510009765625,23.686840855106887
Banco Davibank,3,Mayor a 6 SMLMV y menor o igual a 12 SMLMV,Banco Davibank | Mayor a 6 SMLMV y menor o igual a 12 SMLMV,banco_rango,Banco Davibank | Mayor a 6 SMLMV y menor o igual a 12 SMLMV,baseline_tasa_actual,2026-02,2026-05,23.32510268562401,23.32510268562401,633.0,baseline_tasa_actual,21.98113822937012,23.32510268562401
Banco Davibank,1,Menor o igual a 3 SMLMV,Banco Davibank | Menor o igual a 3 SMLMV,banco_rango,Banco Davibank | Menor o igual a 3 SMLMV,baseline_tasa_actual,2026-02,2026-05,23.34921052631579,23.34921052631579,190.0,baseline_tasa_actual,21.98113822937012,23.34921052631579
Banco Davivienda,4,Mayor a 12 SMLMV y menor o igual a 25 SMLMV,Banco Davivienda | Mayor a 12 SMLMV y menor o igual a 25 SMLMV,banco_rango,Banco Davivienda | Mayor a 12 SMLMV y menor o igual a 25 SMLMV,baseline_tasa_actual,2026-02,2026-05,22.23782565626548,22.23782565626548,4038.0,baseline_tasa_actual,21.1660270690918,22.23782565626548
Banco Davivienda,5,Mayor a 25 SMLMV y menor o igual a 100 SMLMV,Banco Davivienda | Mayor a 25 SMLMV y menor o igual a 100 SMLMV,banco_rango,Banco Davivienda | Mayor a 25 SMLMV y menor o igual a 100 SMLMV,baseline_tasa_actual,2026-02,2026-05,21.78571355498721,21.78571355498721,1955.0,baseline_tasa_actual,20.806480407714844,21.78571355498721
Banco Davivienda,2,Mayor a 3 SMLMV y menor o igual a 6 SMLMV,Banco Davivienda | Mayor a 3 SMLMV y menor o igual a 6 SMLMV,banco_rango,Banco Davivienda | Mayor a 3 SMLMV y menor o igual a 6 SMLMV,baseline_tasa_actual,2026-02,2026-05,23.36929493173742,23.36929493173742,5347.0,baseline_tasa_actual,21.964523315429688,23.36929493173742
Banco Davivienda,3,Mayor a 6 SMLMV y menor o igual a 12 SMLMV,Banco Davivienda | Mayor a 6 SMLMV y menor o igual a 12 SMLMV,banco_rango,Banco Davivienda | Mayor a 6 SMLMV y menor o igual a 12 SMLMV,baseline_tasa_actual,2026-02,2026-05,23.19748660084626,23.19748660084626,7090.0,baseline_tasa_actual,21.5540828704834,23.19748660084626
Banco Davivienda,1,Menor o igual a 3 SMLMV,Banco Davivienda | Menor o igual a 3 SMLMV,banco_rango,Banco Davivienda | Menor o igual a 3 SMLMV,baseline_tasa_actual,2026-02,2026-05,23.60986821015138,23.60986821015138,5615.0,baseline_tasa_actual,22.249895095825195,23.60986821015138
Banco Falabella,6,Mayor a 100 SMLMV,Banco Falabella | Mayor a 100 SMLMV,banco_rango,Banco Falabella | Mayor a 100 SMLMV,baseline_tasa_actual,2026-02,2026-05,20.12833333333333,20.12833333333333,6.0,baseline_tasa_actual,18.930879592895508,20.12833333333333
Banco Falabella,4,Mayor a 12 SMLMV y menor o igual a 25 SMLMV,Banco Falabella | Mayor a 12 SMLMV y menor o igual a 25 SMLMV,banco_rango,Banco Falabella | Mayor a 12 SMLMV y menor o igual a 25 SMLMV,baseline_tasa_actual,2026-02,2026-05,21.18920735573874,21.18920735573874,1577.0,baseline_tasa_actual,20.1466064453125,21.18920735573874
Banco Falabella,5,Mayor a 25 SMLMV y menor o igual a 100 SMLMV,Banco Falabella | Mayor a 25 SMLMV y menor o igual a 100 SMLMV,banco_rango,Banco Falabella | Mayor a 25 SMLMV y menor o igual a 100 SMLMV,baseline_tasa_actual,2026-02,2026-05,18.900036429872497,18.900036429872497,549.0,baseline_tasa_actual,18.141342163085938,18.900036429872497
Banco Falabella,2,Mayor a 3 SMLMV y menor o igual a 6 SMLMV,Banco Falabella | Mayor a 3 SMLMV y menor o igual a 6 SMLMV,banco_rango,Banco Falabella | Mayor a 3 SMLMV y menor o igual a 6 SMLMV,baseline_tasa_actual,2026-02,2026-05,23.990926821892952,23.990926821892952,6614.0,baseline_tasa_actual,22.408809661865234,23.990926821892952
Banco Falabella,3,Mayor a 6 SMLMV y menor o igual a 12 SMLMV,Banco Falabella | Mayor a 6 SMLMV y menor o igual a 12 SMLMV,banco_rango,Banco Falabella | Mayor a 6 SMLMV y menor o igual a 12 SMLMV,baseline_tasa_actual,2026-02,2026-05,22.961184988179667,22.961184988179667,3384.0,baseline_tasa_actual,21.98113822937012,22.961184988179667
Banco Falabella,1,Menor o igual a 3 SMLMV,Banco Falabella | Menor o igual a 3 SMLMV,banco_rango,Banco Falabella | Menor o igual a 3 SMLMV,baseline_tasa_actual,2026-02,2026-05,23.58344833197722,23.58344833197722,6145.0,baseline_tasa_actual,22.266510009765625,23.58344833197722
Banco GNB Sudameris,6,Mayor a 100 SMLMV,Banco GNB Sudameris | Mayor a 100 SMLMV,banco,Banco GNB Sudameris,baseline_tasa_actual,2026-02,2026-05,15.346666666666666,17.729,3.0,baseline_tasa_actual,17.729,17.729
Banco GNB Sudameris,4,Mayor a 12 SMLMV y menor o igual a 25 SMLMV,Banco GNB Sudameris | Mayor a 12 SMLMV y menor o igual a 25 SMLMV,banco,Banco GNB Sudameris,baseline_tasa_actual,2026-02,2026-05,17.12,17.729,1.0,baseline_tasa_actual,17.729,17.729
Banco GNB Sudameris,5,Mayor a 25 SMLMV y menor o igual a 100 SMLMV,Banco GNB Sudameris | Mayor a 25 SMLMV y menor o igual a 100 SMLMV,banco,Banco GNB Sudameris,baseline_tasa_actual,2026-02,2026-05,19.305,17.729,4.0,baseline_tasa_actual,17.729,17.729
Banco GNB Sudameris,3,Mayor a 6 SMLMV y menor o igual a 12 SMLMV,Banco GNB Sudameris | Mayor a 6 SMLMV y menor o igual a 12 SMLMV,banco,Banco GNB Sudameris,baseline_tasa_actual,2026-02,2026-05,18.455,17.729,2.0,baseline_tasa_actual,17.729,17.729
Banco Mundo Mujer,4,Mayor a 12 SMLMV y menor o igual a 25 SMLMV,Banco Mundo Mujer | Mayor a 12 SMLMV y menor o igual a 25 SMLMV,banco_rango,Banco Mundo Mujer | Mayor a 12 SMLMV y menor o igual a 25 SMLMV,baseline_tasa_actual,2026-02,2026-05,24.99833333333333,24.99833333333333,18.0,baseline_tasa_actual,23.45611572265625,24.99833333333333
Banco Mundo Mujer,2,Mayor a 3 SMLMV y menor o igual a 6 SMLMV,Banco Mundo Mujer | Mayor a 3 SMLMV y menor o igual a 6 SMLMV,banco_rango,Banco Mundo Mujer | Mayor a 3 SMLMV y menor o igual a 6 SMLMV,baseline_tasa_actual,2026-02,2026-05,25.12931781701445,25.12931781701445,1246.0,baseline_tasa_actual,23.525972366333008,25.12931781701445
Banco Mundo Mujer,3,Mayor a 6 SMLMV y menor o igual a 12 SMLMV,Banco Mundo Mujer | Mayor a 6 SMLMV y menor o igual a 12 SMLMV,banco_rango,Banco Mundo Mujer | Mayor a 6 SMLMV y menor o igual a 12 SMLMV,baseline_tasa_actual,2026-02,2026-05,25.07420718816068,25.07420718816068,473.0,baseline_tasa_actual,23.525972366333008,25.07420718816068
Banco Mundo Mujer,1,Menor o igual a 3 SMLMV,Banco Mundo Mujer | Menor o igual a 3 SMLMV,banco_rango,Banco Mundo Mujer | Menor o igual a 3 SMLMV,baseline_tasa_actual,2026-02,2026-05,25.14386580846499,25.14386580846499,5127.0,baseline_tasa_actual,23.525972366333008,25.14386580846499
Banco Popular,5,Mayor a 25 SMLMV y menor o igual a 100 SMLMV,Banco Popular | Mayor a 25 SMLMV y menor o igual a 100 SMLMV,banco_rango,Banco Popular | Mayor a 25 SMLMV y menor o igual a 100 SMLMV,baseline_tasa_actual,2026-02,2026-05,25.1,25.1,1.0,baseline_tasa_actual,21.949892044067383,25.1
Banco Popular,3,Mayor a 6 SMLMV y menor o igual a 12 SMLMV,Banco Popular | Mayor a 6 SMLMV y menor o igual a 12 SMLMV,banco_rango,Banco Popular | Mayor a 6 SMLMV y menor o igual a 12 SMLMV,baseline_tasa_actual,2026-02,2026-05,24.65,24.65,2.0,baseline_tasa_actual,22.66985893249512,24.65
Banco Popular,1,Menor o igual a 3 SMLMV,Banco Popular | Menor o igual a 3 SMLMV,banco,Banco Popular,baseline_tasa_actual,2026-02,2026-05,24.97,24.8425,1.0,baseline_tasa_actual,24.8425,24.8425
Banco Santander,5,Mayor a 25 SMLMV y menor o igual a 100 SMLMV,Banco Santander | Mayor a 25 SMLMV y menor o igual a 100 SMLMV,rango,Mayor a 25 SMLMV y menor o igual a 100 SMLMV,baseline_tasa_actual,2026-02,2026-05,5.0,20.332931313921645,1.0,baseline_tasa_actual,20.332931313921645,20.332931313921645
Banco Serfinanza,6,Mayor a 100 SMLMV,Banco Serfinanza | Mayor a 100 SMLMV,banco,Banco Serfinanza,baseline_tasa_actual,2026-02,2026-05,15.212,19.02458923512748,5.0,baseline_tasa_actual,19.02458923512748,19.02458923512748
Banco Serfinanza,4,Mayor a 12 SMLMV y menor o igual a 25 SMLMV,Banco Serfinanza | Mayor a 12 SMLMV y menor o igual a 25 SMLMV,banco_rango,Banco Serfinanza | Mayor a 12 SMLMV y menor o igual a 25 SMLMV,baseline_tasa_actual,2026-02,2026-05,18.06,18.06,61.0,baseline_tasa_actual,18.183752059936523,18.06
Banco Serfinanza,5,Mayor a 25 SMLMV y menor o igual a 100 SMLMV,Banco Serfinanza | Mayor a 25 SMLMV y menor o igual a 100 SMLMV,banco_rango,Banco Serfinanza | Mayor a 25 SMLMV y menor o igual a 100 SMLMV,baseline_tasa_actual,2026-02,2026-05,14.415909090909093,14.415909090909093,22.0,baseline_tasa_actual,16.574554443359375,14.415909090909093
Banco Serfinanza,2,Mayor a 3 SMLMV y menor o igual a 6 SMLMV,Banco Serfinanza | Mayor a 3 SMLMV y menor o igual a 6 SMLMV,banco_rango,Banco Serfinanza | Mayor a 3 SMLMV y menor o igual a 6 SMLMV,baseline_tasa_actual,2026-02,2026-05,19.79614583333333,19.79614583333333,96.0,baseline_tasa_actual,19.177675247192383,19.79614583333333
Banco Serfinanza,3,Mayor a 6 SMLMV y menor o igual a 12 SMLMV,Banco Serfinanza | Mayor a 6 SMLMV y menor o igual a 12 SMLMV,banco_rango,Banco Serfinanza | Mayor a 6 SMLMV y menor o igual a 12 SMLMV,baseline_tasa_actual,2026-02,2026-05,18.939411764705884,18.939411764705884,68.0,baseline_tasa_actual,18.466598510742188,18.939411764705884
Banco Serfinanza,1,Menor o igual a 3 SMLMV,Banco Serfinanza | Menor o igual a 3 SMLMV,banco_rango,Banco Serfinanza | Menor o igual a 3 SMLMV,baseline_tasa_actual,2026-02,2026-05,20.123762376237625,20.123762376237625,101.0,baseline_tasa_actual,19.43036842346192,20.123762376237625
Banco Unión,4,Mayor a 12 SMLMV y menor o igual a 25 SMLMV,Banco Unión | Mayor a 12 SMLMV y menor o igual a 25 SMLMV,banco,Banco Unión,baseline_tasa_actual,2026-02,2026-05,25.19,25.19,2.0,baseline_tasa_actual,25.19,25.19
Banco Unión,5,Mayor a 25 SMLMV y menor o igual a 100 SMLMV,Banco Unión | Mayor a 25 SMLMV y menor o igual a 100 SMLMV,banco,Banco Unión,baseline_tasa_actual,2026-02,2026-05,25.19,25.19,3.0,baseline_tasa_actual,25.19,25.19
Banco Unión,2,Mayor a 3 SMLMV y menor o igual a 6 SMLMV,Banco Unión | Mayor a 3 SMLMV y menor o igual a 6 SMLMV,banco_rango,Banco Unión | Mayor a 3 SMLMV y menor o igual a 6 SMLMV,baseline_tasa_actual,2026-02,2026-05,25.19,25.19,13.0,baseline_tasa_actual,23.357009887695312,25.19
Banco Unión,3,Mayor a 6 SMLMV y menor o igual a 12 SMLMV,Banco Unión | Mayor a 6 SMLMV y menor o igual a 12 SMLMV,banco_rango,Banco Unión | Mayor a 6 SMLMV y menor o igual a 12 SMLMV,baseline_tasa_actual,2026-02,2026-05,25.19,25.19,15.0,baseline_tasa_actual,23.56624984741211,25.19
Banco Unión,1,Menor o igual a 3 SMLMV,Banco Unión | Menor o igual a 3 SMLMV,banco_rango,Banco Unión | Menor o igual a 3 SMLMV,baseline_tasa_actual,2026-02,2026-05,25.19,25.19,6.0,baseline_tasa_actual,23.47919654846192,25.19
Banco de Bogotá,6,Mayor a 100 SMLMV,Banco de Bogotá | Mayor a 100 SMLMV,banco_rango,Banco de Bogotá | Mayor a 100 SMLMV,baseline_tasa_actual,2026-02,2026-05,14.955276381909547,14.955276381909547,199.0,baseline_tasa_actual,15.320459365844728,14.955276381909547
Banco de Bogotá,4,Mayor a 12 SMLMV y menor o igual a 25 SMLMV,Banco de Bogotá | Mayor a 12 SMLMV y menor o igual a 25 SMLMV,banco_rango,Banco de Bogotá | Mayor a 12 SMLMV y menor o igual a 25 SMLMV,baseline_tasa_actual,2026-02,2026-05,22.822473618870266,22.822473618870266,3222.0,baseline_tasa_actual,21.53919792175293,22.822473618870266
Banco de Bogotá,5,Mayor a 25 SMLMV y menor o igual a 100 SMLMV,Banco de Bogotá | Mayor a 25 SMLMV y menor o igual a 100 SMLMV,banco_rango,Banco de Bogotá | Mayor a 25 SMLMV y menor o igual a 100 SMLMV,baseline_tasa_actual,2026-02,2026-05,19.42338466923346,19.42338466923346,2857.0,baseline_tasa_actual,18.465723037719727,19.42338466923346
Banco de Bogotá,2,Mayor a 3 SMLMV y menor o igual a 6 SMLMV,Banco de Bogotá | Mayor a 3 SMLMV y menor o igual a 6 SMLMV,banco_rango,Banco de Bogotá | Mayor a 3 SMLMV y menor o igual a 6 SMLMV,baseline_tasa_actual,2026-02,2026-05,24.55679511456164,24.55679511456164,10562.0,baseline_tasa_actual,22.738073348999023,24.55679511456164
Banco de Bogotá,3,Mayor a 6 SMLMV y menor o igual a 12 SMLMV,Banco de Bogotá | Mayor a 6 SMLMV y menor o igual a 12 SMLMV,banco_rango,Banco de Bogotá | Mayor a 6 SMLMV y menor o igual a 12 SMLMV,baseline_tasa_actual,2026-02,2026-05,24.28933153770813,24.28933153770813,8168.0,baseline_tasa_actual,22.649320602416992,24.28933153770813
Banco de Bogotá,1,Menor o igual a 3 SMLMV,Banco de Bogotá | Menor o igual a 3 SMLMV,banco_rango,Banco de Bogotá | Menor o igual a 3 SMLMV,baseline_tasa_actual,2026-02,2026-05,24.74609798728813,24.74609798728813,18880.0,baseline_tasa_actual,23.374561309814453,24.74609798728813
Banco de Occidente,6,Mayor a 100 SMLMV,Banco de Occidente | Mayor a 100 SMLMV,banco_rango,Banco de Occidente | Mayor a 100 SMLMV,baseline_tasa_actual,2026-02,2026-05,19.13691176470588,19.13691176470588,136.0,baseline_tasa_actual,17.986061096191406,19.13691176470588
Banco de Occidente,4,Mayor a 12 SMLMV y menor o igual a 25 SMLMV,Banco de Occidente | Mayor a 12 SMLMV y menor o igual a 25 SMLMV,banco_rango,Banco de Occidente | Mayor a 12 SMLMV y menor o igual a 25 SMLMV,baseline_tasa_actual,2026-02,2026-05,22.18447415329768,22.18447415329768,561.0,baseline_tasa_actual,21.128950119018555,22.18447415329768
Banco de Occidente,5,Mayor a 25 SMLMV y menor o igual a 100 SMLMV,Banco de Occidente | Mayor a 25 SMLMV y menor o igual a 100 SMLMV,banco_rango,Banco de Occidente | Mayor a 25 SMLMV y menor o igual a 100 SMLMV,baseline_tasa_actual,2026-02,2026-05,20.715181660899653,20.715181660899653,1156.0,baseline_tasa_actual,19.48003387451172,20.715181660899653
Banco de Occidente,2,Mayor a 3 SMLMV y menor o igual a 6 SMLMV,Banco de Occidente | Mayor a 3 SMLMV y menor o igual a 6 SMLMV,banco_rango,Banco de Occidente | Mayor a 3 SMLMV y menor o igual a 6 SMLMV,baseline_tasa_actual,2026-02,2026-05,22.89511111111112,22.89511111111112,135.0,baseline_tasa_actual,21.5540828704834,22.89511111111112
Banco de Occidente,3,Mayor a 6 SMLMV y menor o igual a 12 SMLMV,Banco de Occidente | Mayor a 6 SMLMV y menor o igual a 12 SMLMV,banco_rango,Banco de Occidente | Mayor a 6 SMLMV y menor o igual a 12 SMLMV,baseline_tasa_actual,2026-02,2026-05,22.978525073746315,22.978525073746315,339.0,baseline_tasa_actual,21.5540828704834,22.978525073746315
Banco de Occidente,1,Menor o igual a 3 SMLMV,Banco de Occidente | Menor o igual a 3 SMLMV,banco_rango,Banco de Occidente | Menor o igual a 3 SMLMV,baseline_tasa_actual,2026-02,2026-05,23.38394366197183,23.38394366197183,71.0,baseline_tasa_actual,21.64053535461425,23.38394366197183
Bancolombia,6,Mayor a 100 SMLMV,Bancolombia | Mayor a 100 SMLMV,banco_rango,Bancolombia | Mayor a 100 SMLMV,baseline_tasa_actual,2026-02,2026-05,17.543870967741935,17.543870967741935,341.0,baseline_tasa_actual,16.65436553955078,17.543870967741935
Bancolombia,4,Mayor a 12 SMLMV y menor o igual a 25 SMLMV,Bancolombia | Mayor a 12 SMLMV y menor o igual a 25 SMLMV,banco_rango,Bancolombia | Mayor a 12 SMLMV y menor o igual a 25 SMLMV,baseline_tasa_actual,2026-02,2026-05,21.25018900843268,21.25018900843268,6878.0,baseline_tasa_actual,20.11610984802246,21.25018900843268
Bancolombia,5,Mayor a 25 SMLMV y menor o igual a 100 SMLMV,Bancolombia | Mayor a 25 SMLMV y menor o igual a 100 SMLMV,banco_rango,Bancolombia | Mayor a 25 SMLMV y menor o igual a 100 SMLMV,baseline_tasa_actual,2026-02,2026-05,20.057403939925884,20.057403939925884,5127.0,baseline_tasa_actual,19.11518096923828,20.057403939925884
Bancolombia,2,Mayor a 3 SMLMV y menor o igual a 6 SMLMV,Bancolombia | Mayor a 3 SMLMV y menor o igual a 6 SMLMV,banco_rango,Bancolombia | Mayor a 3 SMLMV y menor o igual a 6 SMLMV,baseline_tasa_actual,2026-02,2026-05,22.650391095066187,22.650391095066187,11634.0,baseline_tasa_actual,21.8488998413086,22.650391095066187
Bancolombia,3,Mayor a 6 SMLMV y menor o igual a 12 SMLMV,Bancolombia | Mayor a 6 SMLMV y menor o igual a 12 SMLMV,banco_rango,Bancolombia | Mayor a 6 SMLMV y menor o igual a 12 SMLMV,baseline_tasa_actual,2026-02,2026-05,21.736364416125475,21.736364416125475,8161.0,baseline_tasa_actual,21.25028610229492,21.736364416125475
Bancolombia,1,Menor o igual a 3 SMLMV,Bancolombia | Menor o igual a 3 SMLMV,banco_rango,Bancolombia | Menor o igual a 3 SMLMV,baseline_tasa_actual,2026-02,2026-05,23.69479434886636,23.69479434886636,8777.0,baseline_tasa_actual,22.266510009765625,23.69479434886636
Bancoomeva,6,Mayor a 100 SMLMV,Bancoomeva | Mayor a 100 SMLMV,banco_rango,Bancoomeva | Mayor a 100 SMLMV,baseline_tasa_actual,2026-02,2026-05,16.96688888888889,16.96688888888889,45.0,baseline_tasa_actual,16.65436553955078,16.96688888888889
Bancoomeva,4,Mayor a 12 SMLMV y menor o igual a 25 SMLMV,Bancoomeva | Mayor a 12 SMLMV y menor o igual a 25 SMLMV,banco_rango,Bancoomeva | Mayor a 12 SMLMV y menor o igual a 25 SMLMV,baseline_tasa_actual,2026-02,2026-05,19.53760975609756,19.53760975609756,205.0,baseline_tasa_actual,19.01641845703125,19.53760975609756
Bancoomeva,5,Mayor a 25 SMLMV y menor o igual a 100 SMLMV,Bancoomeva | Mayor a 25 SMLMV y menor o igual a 100 SMLMV,banco_rango,Bancoomeva | Mayor a 25 SMLMV y menor o igual a 100 SMLMV,baseline_tasa_actual,2026-02,2026-05,18.95697802197802,18.95697802197802,364.0,baseline_tasa_actual,17.931262969970703,18.95697802197802
Bancoomeva,2,Mayor a 3 SMLMV y menor o igual a 6 SMLMV,Bancoomeva | Mayor a 3 SMLMV y menor o igual a 6 SMLMV,banco_rango,Bancoomeva | Mayor a 3 SMLMV y menor o igual a 6 SMLMV,baseline_tasa_actual,2026-02,2026-05,20.699102564102564,20.699102564102564,78.0,baseline_tasa_actual,20.165058135986328,20.699102564102564
Bancoomeva,3,Mayor a 6 SMLMV y menor o igual a 12 SMLMV,Bancoomeva | Mayor a 6 SMLMV y menor o igual a 12 SMLMV,banco_rango,Bancoomeva | Mayor a 6 SMLMV y menor o igual a 12 SMLMV,baseline_tasa_actual,2026-02,2026-05,20.120898876404496,20.120898876404496,178.0,baseline_tasa_actual,19.74322891235352,20.120898876404496
Bancoomeva,1,Menor o igual a 3 SMLMV,Bancoomeva | Menor o igual a 3 SMLMV,banco_rango,Bancoomeva | Menor o igual a 3 SMLMV,baseline_tasa_actual,2026-02,2026-05,20.884651162790696,20.884651162790696,43.0,baseline_tasa_actual,20.22304344177246,20.884651162790696
Coopcentral,6,Mayor a 100 SMLMV,Coopcentral | Mayor a 100 SMLMV,banco,Coopcentral,baseline_tasa_actual,2026-02,2026-05,14.0,18.07692307692308,1.0,baseline_tasa_actual,18.07692307692308,18.07692307692308
Coopcentral,4,Mayor a 12 SMLMV y menor o igual a 25 SMLMV,Coopcentral | Mayor a 12 SMLMV y menor o igual a 25 SMLMV,banco,Coopcentral,baseline_tasa_actual,2026-02,2026-05,17.75,18.07692307692308,4.0,baseline_tasa_actual,18.07692307692308,18.07692307692308
Coopcentral,5,Mayor a 25 SMLMV y menor o igual a 100 SMLMV,Coopcentral | Mayor a 25 SMLMV y menor o igual a 100 SMLMV,banco_rango,Coopcentral | Mayor a 25 SMLMV y menor o igual a 100 SMLMV,baseline_tasa_actual,2026-02,2026-05,13.0,13.0,2.0,baseline_tasa_actual,16.110380172729492,13.0
Coopcentral,2,Mayor a 3 SMLMV y menor o igual a 6 SMLMV,Coopcentral | Mayor a 3 SMLMV y menor o igual a 6 SMLMV,banco,Coopcentral,baseline_tasa_actual,2026-02,2026-05,20.25,18.07692307692308,4.0,baseline_tasa_actual,18.07692307692308,18.07692307692308
Coopcentral,3,Mayor a 6 SMLMV y menor o igual a 12 SMLMV,Coopcentral | Mayor a 6 SMLMV y menor o igual a 12 SMLMV,banco,Coopcentral,baseline_tasa_actual,2026-02,2026-05,21.5,18.07692307692308,2.0,baseline_tasa_actual,18.07692307692308,18.07692307692308
Finandina,4,Mayor a 12 SMLMV y menor o igual a 25 SMLMV,Finandina | Mayor a 12 SMLMV y menor o igual a 25 SMLMV,banco_rango,Finandina | Mayor a 12 SMLMV y menor o igual a 25 SMLMV,baseline_tasa_actual,2026-02,2026-05,23.773030303030303,23.773030303030303,165.0,baseline_tasa_actual,21.87856674194336,23.773030303030303
Finandina,5,Mayor a 25 SMLMV y menor o igual a 100 SMLMV,Finandina | Mayor a 25 SMLMV y menor o igual a 100 SMLMV,banco_rango,Finandina | Mayor a 25 SMLMV y menor o igual a 100 SMLMV,baseline_tasa_actual,2026-02,2026-05,23.248125,23.248125,48.0,baseline_tasa_actual,21.2829818725586,23.248125
Finandina,2,Mayor a 3 SMLMV y menor o igual a 6 SMLMV,Finandina | Mayor a 3 SMLMV y menor o igual a 6 SMLMV,banco_rango,Finandina | Mayor a 3 SMLMV y menor o igual a 6 SMLMV,baseline_tasa_actual,2026-02,2026-05,24.62685185185185,24.62685185185185,54.0,baseline_tasa_actual,22.738073348999023,24.62685185185185
Finandina,3,Mayor a 6 SMLMV y menor o igual a 12 SMLMV,Finandina | Mayor a 6 SMLMV y menor o igual a 12 SMLMV,banco_rango,Finandina | Mayor a 6 SMLMV y menor o igual a 12 SMLMV,baseline_tasa_actual,2026-02,2026-05,24.03333333333333,24.03333333333333,108.0,baseline_tasa_actual,22.442790985107425,24.03333333333333
Finandina,1,Menor o igual a 3 SMLMV,Finandina | Menor o igual a 3 SMLMV,banco_rango,Finandina | Menor o igual a 3 SMLMV,baseline_tasa_actual,2026-02,2026-05,24.616,24.616,20.0,baseline_tasa_actual,22.738073348999023,24.616
Itaú,6,Mayor a 100 SMLMV,Itaú | Mayor a 100 SMLMV,banco_rango,Itaú | Mayor a 100 SMLMV,baseline_tasa_actual,2026-02,2026-05,16.899780219780222,16.899780219780222,182.0,baseline_tasa_actual,16.65436553955078,16.899780219780222
Itaú,4,Mayor a 12 SMLMV y menor o igual a 25 SMLMV,Itaú | Mayor a 12 SMLMV y menor o igual a 25 SMLMV,banco_rango,Itaú | Mayor a 12 SMLMV y menor o igual a 25 SMLMV,baseline_tasa_actual,2026-02,2026-05,18.482316513761468,18.482316513761468,436.0,baseline_tasa_actual,18.495391845703125,18.482316513761468
Itaú,5,Mayor a 25 SMLMV y menor o igual a 100 SMLMV,Itaú | Mayor a 25 SMLMV y menor o igual a 100 SMLMV,banco_rango,Itaú | Mayor a 25 SMLMV y menor o igual a 100 SMLMV,baseline_tasa_actual,2026-02,2026-05,17.556456599286562,17.556456599286562,841.0,baseline_tasa_actual,17.220849990844727,17.556456599286562
Itaú,2,Mayor a 3 SMLMV y menor o igual a 6 SMLMV,Itaú | Mayor a 3 SMLMV y menor o igual a 6 SMLMV,banco_rango,Itaú | Mayor a 3 SMLMV y menor o igual a 6 SMLMV,baseline_tasa_actual,2026-02,2026-05,19.68646258503401,19.68646258503401,147.0,baseline_tasa_actual,19.453458786010746,19.68646258503401
Itaú,3,Mayor a 6 SMLMV y menor o igual a 12 SMLMV,Itaú | Mayor a 6 SMLMV y menor o igual a 12 SMLMV,banco_rango,Itaú | Mayor a 6 SMLMV y menor o igual a 12 SMLMV,baseline_tasa_actual,2026-02,2026-05,19.14122033898305,19.14122033898305,295.0,baseline_tasa_actual,19.04919815063477,19.14122033898305
Itaú,1,Menor o igual a 3 SMLMV,Itaú | Menor o igual a 3 SMLMV,banco_rango,Itaú | Menor o igual a 3 SMLMV,baseline_tasa_actual,2026-02,2026-05,19.54138888888889,19.54138888888889,36.0,baseline_tasa_actual,19.36750221252441,19.54138888888889
Lulo Bank,4,Mayor a 12 SMLMV y menor o igual a 25 SMLMV,Lulo Bank | Mayor a 12 SMLMV y menor o igual a 25 SMLMV,banco_rango,Lulo Bank | Mayor a 12 SMLMV y menor o igual a 25 SMLMV,baseline_tasa_actual,2026-02,2026-05,20.115079681274903,20.115079681274903,502.0,baseline_tasa_actual,19.63629531860352,20.115079681274903
Lulo Bank,5,Mayor a 25 SMLMV y menor o igual a 100 SMLMV,Lulo Bank | Mayor a 25 SMLMV y menor o igual a 100 SMLMV,banco_rango,Lulo Bank | Mayor a 25 SMLMV y menor o igual a 100 SMLMV,baseline_tasa_actual,2026-02,2026-05,19.666153846153847,19.666153846153847,104.0,baseline_tasa_actual,18.81573867797852,19.666153846153847
Lulo Bank,2,Mayor a 3 SMLMV y menor o igual a 6 SMLMV,Lulo Bank | Mayor a 3 SMLMV y menor o igual a 6 SMLMV,banco_rango,Lulo Bank | Mayor a 3 SMLMV y menor o igual a 6 SMLMV,baseline_tasa_actual,2026-02,2026-05,21.079168241965974,21.079168241965974,1587.0,baseline_tasa_actual,20.41487693786621,21.079168241965974
Lulo Bank,3,Mayor a 6 SMLMV y menor o igual a 12 SMLMV,Lulo Bank | Mayor a 6 SMLMV y menor o igual a 12 SMLMV,banco_rango,Lulo Bank | Mayor a 6 SMLMV y menor o igual a 12 SMLMV,baseline_tasa_actual,2026-02,2026-05,20.65184090909091,20.65184090909091,1320.0,baseline_tasa_actual,20.18596649169922,20.65184090909091
Lulo Bank,1,Menor o igual a 3 SMLMV,Lulo Bank | Menor o igual a 3 SMLMV,banco_rango,Lulo Bank | Menor o igual a 3 SMLMV,baseline_tasa_actual,2026-02,2026-05,21.7222563274098,21.7222563274098,3714.0,baseline_tasa_actual,21.25028610229492,21.7222563274098
