nivel,serie_id,primer_mes,ultimo_mes,meses_observados,observaciones_modelables,creditos_total,creditos_mediana,tasa_minima,tasa_maxima,tasa_std,meses_esperados,cobertura_meses,apta_modelo
banco_rango,Bancolombia | Menor o igual a 3 SMLMV,2023-09,2026-02,30,27,636053,13999.0,21.94883917980004,36.68558916844979,4.597146349697065,30,1.0,True
banco_rango,Banco Davibank | Mayor a 100 SMLMV,2023-09,2026-02,30,27,571037,6208.5,20.26768806744488,41.82893443207762,5.991243140053597,30,1.0,True
banco_rango,Banco de Bogotá | Menor o igual a 3 SMLMV,2023-09,2026-02,30,27,383839,12340.0,23.87941534460338,37.25532175689479,4.496501886169526,30,1.0,True
banco_rango,Banco de Bogotá | Mayor a 3 SMLMV y menor o igual a 6 SMLMV,2023-09,2026-02,30,27,291863,9990.0,23.6073846390879,36.538372429771215,4.363867322658537,30,1.0,True
banco_rango,Bancolombia | Mayor a 3 SMLMV y menor o igual a 6 SMLMV,2023-09,2026-02,30,27,237005,8510.0,22.10983949875547,32.95022566995769,3.500897270241108,30,1.0,True
banco_rango,Banco de Bogotá | Mayor a 6 SMLMV y menor o igual a 12 SMLMV,2023-09,2026-02,30,27,213587,6923.0,23.14285822347093,35.332474170744966,4.121138205934536,30,1.0,True
banco_rango,Bancolombia | Mayor a 6 SMLMV y menor o igual a 12 SMLMV,2023-09,2026-02,30,27,200974,6219.5,20.92951418482893,31.455166666666667,3.5056430014850246,30,1.0,True
banco_rango,Banco Davivienda | Mayor a 6 SMLMV y menor o igual a 12 SMLMV,2023-09,2026-02,30,27,180929,5528.0,21.11279367088608,32.476996658312444,3.7368615437819597,30,1.0,True
banco_rango,Banco Falabella | Menor o igual a 3 SMLMV,2023-09,2026-02,30,27,179199,6099.5,23.07053978311198,37.77404749432512,4.735159910516205,30,1.0,True
banco_rango,Bancolombia | Mayor a 12 SMLMV y menor o igual a 25 SMLMV,2023-09,2026-02,30,27,170218,5449.5,19.36099427168576,30.52426940639269,3.5923402588965914,30,1.0,True
banco_rango,Banco Davivienda | Menor o igual a 3 SMLMV,2023-09,2026-02,30,27,167132,5195.0,21.88698263501673,32.903912817851584,3.638148353199489,30,1.0,True
banco_rango,Banco Davivienda | Mayor a 12 SMLMV y menor o igual a 25 SMLMV,2023-09,2026-02,30,27,163549,5515.0,19.759501506024097,31.41181510710259,3.686721855556517,30,1.0,True
banco_rango,Banco Falabella | Mayor a 3 SMLMV y menor o igual a 6 SMLMV,2023-09,2026-02,30,27,162619,5647.0,23.219133736246707,37.92480812220566,4.739739090640057,30,1.0,True
banco_rango,Bancolombia | Mayor a 25 SMLMV y menor o igual a 100 SMLMV,2023-09,2026-02,30,27,159807,5224.5,18.05439510703364,28.476577480490526,3.3759589030901105,30,1.0,True
banco_rango,Banco Davivienda | Mayor a 3 SMLMV y menor o igual a 6 SMLMV,2023-09,2026-02,30,27,155990,4968.5,21.530964681075385,32.59056030389364,3.623206973174223,30,1.0,True
banco_rango,Banco Mundo Mujer | Menor o igual a 3 SMLMV,2023-09,2026-02,30,27,117633,3815.5,24.3765666316894,41.923511777301925,5.182107471466939,30,1.0,True
banco_rango,Banco Falabella | Mayor a 6 SMLMV y menor o igual a 12 SMLMV,2023-09,2026-02,30,27,109877,3501.5,22.51097688825352,37.55070101724901,4.216064955560605,30,1.0,True
banco_rango,Banco Davibank | Mayor a 25 SMLMV y menor o igual a 100 SMLMV,2023-09,2026-02,30,27,100487,1928.5,20.56574879227053,41.13461382701765,5.8380964241395175,30,1.0,True
banco_rango,Banco de Bogotá | Mayor a 12 SMLMV y menor o igual a 25 SMLMV,2023-09,2026-02,30,27,89935,3036.5,21.63298822240482,31.807261050245565,3.4552372691812265,30,1.0,True
banco_rango,Banco Davivienda | Mayor a 25 SMLMV y menor o igual a 100 SMLMV,2023-09,2026-02,30,27,83209,3074.5,18.02497738486842,29.71311095505618,3.422112386141181,30,1.0,True
banco_rango,Lulo Bank | Menor o igual a 3 SMLMV,2023-09,2026-02,30,27,70435,2186.5,20.766874704491727,31.612374269005844,3.655483090229665,30,1.0,True
banco_rango,BBVA Colombia | Mayor a 6 SMLMV y menor o igual a 12 SMLMV,2023-09,2026-02,30,27,70336,2279.0,21.28711701526286,33.29043478260869,3.9353696136806398,30,1.0,True
banco_rango,BBVA Colombia | Menor o igual a 3 SMLMV,2023-09,2026-02,30,27,70036,1752.5,23.185015974440898,34.19153246753247,3.892781566490088,30,1.0,True
banco_rango,Banco de Bogotá | Mayor a 25 SMLMV y menor o igual a 100 SMLMV,2023-09,2026-02,30,27,69876,2315.5,18.193894409937887,28.40474226804124,3.177445593201683,30,1.0,True
banco_rango,BBVA Colombia | Mayor a 12 SMLMV y menor o igual a 25 SMLMV,2023-09,2026-02,30,27,67450,2154.0,20.720600722673893,32.43815905743741,3.7056553321186954,30,1.0,True
banco_rango,Banco Mundo Mujer | Mayor a 3 SMLMV y menor o igual a 6 SMLMV,2023-09,2026-02,30,27,63407,2189.5,24.38631994261119,41.92812133072408,5.185604257905119,30,1.0,True
banco_rango,Banco Caja Social | Menor o igual a 3 SMLMV,2023-09,2026-02,30,27,57371,1829.5,23.78086642599278,37.74373540856031,4.818968405316499,30,1.0,True
banco_rango,Banco Caja Social | Mayor a 3 SMLMV y menor o igual a 6 SMLMV,2023-09,2026-02,30,27,57272,1809.5,23.647950789570327,36.75295206971678,4.351539022143332,30,1.0,True
banco_rango,BBVA Colombia | Mayor a 3 SMLMV y menor o igual a 6 SMLMV,2023-09,2026-02,30,27,56942,1682.5,21.98636678200692,34.35212802768166,4.0444254231795735,30,1.0,True
banco_rango,BBVA Colombia | Mayor a 25 SMLMV y menor o igual a 100 SMLMV,2023-09,2026-02,30,27,50985,1668.0,19.538602469135803,29.80653395784543,3.055722391485214,30,1.0,True
banco_rango,Banco Caja Social | Mayor a 6 SMLMV y menor o igual a 12 SMLMV,2023-09,2026-02,30,27,48849,1529.5,22.7986843730698,32.80446524064171,3.2969195353343363,30,1.0,True
banco_rango,Banco Falabella | Mayor a 12 SMLMV y menor o igual a 25 SMLMV,2023-09,2026-02,30,27,45151,1571.5,20.837905405405404,35.297694575471695,4.155279698078506,30,1.0,True
banco_rango,Banco Davibank | Mayor a 12 SMLMV y menor o igual a 25 SMLMV,2023-09,2026-02,30,27,43588,992.5,21.172187182095623,40.74649656526006,5.90422732509036,30,1.0,True
banco_rango,Banco de Occidente | Mayor a 25 SMLMV y menor o igual a 100 SMLMV,2023-09,2026-02,30,27,42858,1276.5,18.772761752136752,27.67060569351908,2.7692463602485438,30,1.0,True
banco_rango,Lulo Bank | Mayor a 3 SMLMV y menor o igual a 6 SMLMV,2023-09,2026-02,30,27,36859,1223.5,21.079168241965974,31.033125,3.2228286231339034,30,1.0,True
banco_rango,Lulo Bank | Mayor a 6 SMLMV y menor o igual a 12 SMLMV,2023-09,2026-02,30,27,33877,1165.0,20.55347292015633,30.92502232142857,3.464136747292216,30,1.0,True
banco_rango,Banco Davibank | Mayor a 6 SMLMV y menor o igual a 12 SMLMV,2023-09,2026-02,30,27,31730,671.5,21.61403162055336,41.72940298507463,6.001970746902967,30,1.0,True
banco_rango,Banco Davibank | Menor o igual a 3 SMLMV,2023-09,2026-02,30,27,24704,93.5,22.656229508196724,42.03229271356784,5.726346313628406,30,1.0,True
banco_rango,Banco AV Villas | Mayor a 25 SMLMV y menor o igual a 100 SMLMV,2023-09,2026-02,30,27,20767,533.0,17.22689969604863,25.036953125,2.3448559765521924,30,1.0,True
banco_rango,Banco Mundo Mujer | Mayor a 6 SMLMV y menor o igual a 12 SMLMV,2023-09,2026-02,30,27,20504,673.0,24.318270980788675,41.76323170731708,5.1469316590271275,30,1.0,True
banco_rango,Itaú | Mayor a 25 SMLMV y menor o igual a 100 SMLMV,2023-09,2026-02,30,27,20091,668.5,17.405850785340313,25.94797872340425,2.7000959343155984,30,1.0,True
banco_rango,Banco Davibank | Mayor a 3 SMLMV y menor o igual a 6 SMLMV,2023-09,2026-02,30,27,18990,266.5,22.05320866141732,41.96775339602926,5.85658382492852,30,1.0,True
banco_rango,Banco Caja Social | Mayor a 12 SMLMV y menor o igual a 25 SMLMV,2023-09,2026-02,30,27,18766,564.0,21.373138686131387,28.76911330049261,2.5446133202320915,30,1.0,True
banco_rango,Banco AV Villas | Mayor a 6 SMLMV y menor o igual a 12 SMLMV,2023-09,2026-02,30,27,18561,536.5,19.5568156424581,30.3639393939394,3.554836678847018,30,1.0,True
banco_rango,Banco Falabella | Mayor a 25 SMLMV y menor o igual a 100 SMLMV,2023-09,2026-02,30,27,18065,496.5,18.883902097902094,32.51481707317073,3.9884664658560314,30,1.0,True
banco_rango,Banco AV Villas | Mayor a 12 SMLMV y menor o igual a 25 SMLMV,2023-09,2026-02,30,27,17793,489.0,18.370858208955227,27.514331210191084,2.903531963475144,30,1.0,True
banco_rango,Banco de Occidente | Mayor a 12 SMLMV y menor o igual a 25 SMLMV,2023-09,2026-02,30,27,17335,530.5,20.5027352297593,32.131603427172585,3.9049450604513427,30,1.0,True
banco_rango,Bancolombia | Mayor a 100 SMLMV,2023-09,2026-02,30,27,15527,521.0,15.759749518304432,25.09615183246073,3.11901454064112,30,1.0,True
banco_rango,Lulo Bank | Mayor a 12 SMLMV y menor o igual a 25 SMLMV,2023-09,2026-02,30,27,13912,476.0,20.02615931721195,30.668367346938776,3.4093990921662827,30,1.0,True
banco_rango,Banco AV Villas | Mayor a 3 SMLMV y menor o igual a 6 SMLMV,2023-09,2026-02,30,27,11722,319.5,21.021680376028204,32.973827160493826,3.9556755156782013,30,1.0,True
banco_rango,Bancoomeva | Mayor a 25 SMLMV y menor o igual a 100 SMLMV,2023-09,2026-02,30,27,11492,367.5,16.582153589315524,29.39509803921569,4.216445401035483,30,1.0,True
banco_rango,Itaú | Mayor a 12 SMLMV y menor o igual a 25 SMLMV,2023-09,2026-02,30,27,10103,327.5,18.482316513761468,26.91391304347826,2.7594094878215976,30,1.0,True
banco_rango,Bancoomeva | Mayor a 12 SMLMV y menor o igual a 25 SMLMV,2023-09,2026-02,30,27,9499,273.0,17.662540322580643,28.74113513513513,3.757873133904053,30,1.0,True
banco_rango,Banco de Occidente | Mayor a 6 SMLMV y menor o igual a 12 SMLMV,2023-09,2026-02,30,27,9440,291.0,21.19665573770492,33.51048832271762,4.282945783002055,30,1.0,True
banco_rango,Banco Serfinanza | Mayor a 3 SMLMV y menor o igual a 6 SMLMV,2023-09,2026-02,30,27,9039,262.5,18.65296052631579,23.51273092369478,1.4860163508974225,30,1.0,True
banco_rango,Banco Caja Social | Mayor a 25 SMLMV y menor o igual a 100 SMLMV,2023-09,2026-02,30,27,7646,243.5,18.08324427480916,26.692857142857143,2.7579708917980006,30,1.0,True
banco_rango,Banco de Occidente | Mayor a 100 SMLMV,2023-09,2026-02,30,27,7168,243.0,16.94017857142857,23.709632653061224,1.9966005164823863,30,1.0,True
banco_rango,Finandina | Mayor a 12 SMLMV y menor o igual a 25 SMLMV,2023-09,2026-02,30,27,7168,238.5,20.345111940298505,30.74019867549669,2.8565512951632357,30,1.0,True
banco_rango,Bancoomeva | Mayor a 6 SMLMV y menor o igual a 12 SMLMV,2023-09,2026-02,30,27,7136,200.5,18.64701030927835,29.551824104234527,3.624907832128521,30,1.0,True
banco_rango,Banco de Bogotá | Mayor a 100 SMLMV,2023-09,2026-02,30,27,6240,192.5,13.57127118644068,21.126153846153844,2.1314347734049783,30,1.0,True
banco_rango,Banco AV Villas | Menor o igual a 3 SMLMV,2023-09,2026-02,30,27,5933,197.5,21.49358904109589,35.23533333333333,4.284034191056884,30,1.0,True
banco_rango,Itaú | Mayor a 6 SMLMV y menor o igual a 12 SMLMV,2023-09,2026-02,30,27,5758,172.0,19.101296296296294,27.769052132701425,2.958014581669517,30,1.0,True
banco_rango,Itaú | Mayor a 100 SMLMV,2023-09,2026-02,30,27,4954,166.0,16.810945945945946,25.44292307692308,2.6133065229780432,30,1.0,True
banco_rango,Finandina | Mayor a 6 SMLMV y menor o igual a 12 SMLMV,2023-09,2026-02,30,27,4910,165.5,21.12497267759563,34.423741007194245,3.7515845302294877,30,1.0,True
banco_rango,Banco Agrario | Mayor a 6 SMLMV y menor o igual a 12 SMLMV,2023-09,2026-02,30,27,3976,133.0,21.622187500000003,28.06285714285714,2.284122690292093,30,1.0,True
banco_rango,Bancoomeva | Mayor a 3 SMLMV y menor o igual a 6 SMLMV,2023-09,2026-02,30,27,3562,107.0,19.51,29.538590604026847,3.544817900883022,30,1.0,True
banco_rango,Lulo Bank | Mayor a 25 SMLMV y menor o igual a 100 SMLMV,2023-09,2026-02,30,27,3433,114.0,19.25759776536313,29.403181818181817,2.9451515405809383,30,1.0,True
banco_rango,Banco Serfinanza | Menor o igual a 3 SMLMV,2023-09,2026-02,30,27,3350,106.0,18.33370860927152,24.083893129771,1.7833391035266644,30,1.0,True
banco_rango,Banco de Occidente | Mayor a 3 SMLMV y menor o igual a 6 SMLMV,2023-09,2026-02,30,27,3187,83.5,20.795324675324675,34.717261904761905,4.738650283645011,30,1.0,True
banco_rango,Banco Serfinanza | Mayor a 6 SMLMV y menor o igual a 12 SMLMV,2023-09,2026-02,30,27,3047,84.5,17.736238095238097,26.59659090909091,2.309715129420173,30,1.0,True
banco_rango,Banco Agrario | Mayor a 3 SMLMV y menor o igual a 6 SMLMV,2023-09,2026-02,30,27,2978,96.5,21.69366412213741,35.95333333333333,4.1747763302049234,30,1.0,True
banco_rango,Banco AV Villas | Mayor a 100 SMLMV,2023-09,2026-02,30,27,2452,61.0,16.525506329113924,22.92888888888889,1.8848054138843526,30,1.0,True
banco_rango,Banco Serfinanza | Mayor a 12 SMLMV y menor o igual a 25 SMLMV,2023-09,2026-02,30,27,2317,64.5,15.588666666666668,25.288666666666664,2.4277489814863378,30,1.0,True
banco_rango,Itaú | Mayor a 3 SMLMV y menor o igual a 6 SMLMV,2023-09,2026-02,30,27,2291,60.5,19.177222222222223,28.22594594594595,3.022776144106851,30,1.0,True
banco_rango,Finandina | Mayor a 3 SMLMV y menor o igual a 6 SMLMV,2023-09,2026-02,30,27,2193,70.0,23.629059829059827,35.98016666666667,3.7594015681700452,30,1.0,True
banco_rango,Banco Agrario | Mayor a 12 SMLMV y menor o igual a 25 SMLMV,2023-09,2026-02,30,27,1896,57.0,21.59368421052632,25.76526315789474,1.3074387074296239,30,1.0,True
banco_rango,Bancoomeva | Menor o igual a 3 SMLMV,2023-09,2026-02,30,27,1485,45.0,19.953928571428573,29.77885714285714,3.4622416868567494,30,1.0,True
banco_rango,Finandina | Mayor a 25 SMLMV y menor o igual a 100 SMLMV,2023-09,2026-02,30,27,1422,38.5,18.82659574468085,25.87826923076923,2.004117898715234,30,1.0,True
banco_rango,Banco Serfinanza | Mayor a 25 SMLMV y menor o igual a 100 SMLMV,2023-09,2026-02,30,27,1364,23.0,13.352901785714286,22.812,3.1552328738468147,30,1.0,True
banco_rango,BBVA Colombia | Mayor a 100 SMLMV,2023-09,2026-02,30,27,1349,28.0,16.11815,25.45173913043478,1.7706830651555576,30,1.0,True
banco_rango,Banco de Occidente | Menor o igual a 3 SMLMV,2023-09,2026-02,30,27,1344,36.0,19.97342857142857,35.684814814814814,5.052178039336289,30,1.0,True
banco_rango,Banco Mundo Mujer | Mayor a 12 SMLMV y menor o igual a 25 SMLMV,2023-09,2026-02,30,27,1118,28.5,24.259032258064515,41.38333333333333,5.144455479656997,30,1.0,True
banco_rango,Banco Agrario | Menor o igual a 3 SMLMV,2023-09,2026-02,30,27,1037,33.5,21.731186440677966,37.28000000000001,4.429211880337979,30,1.0,True
banco_rango,Bancoomeva | Mayor a 100 SMLMV,2023-09,2026-02,30,27,701,8.0,15.618607594936709,28.689285714285717,3.8743209833609473,30,1.0,True
banco_rango,Banco Agrario | Mayor a 25 SMLMV y menor o igual a 100 SMLMV,2023-09,2026-02,30,27,658,18.0,21.66709090909091,30.457142857142856,2.482985564293632,30,1.0,True
banco_rango,Banco Popular | Mayor a 12 SMLMV y menor o igual a 25 SMLMV,2023-09,2025-12,25,22,591,4.0,19.43,29.78316326530612,3.137814597095709,28,0.8928571428571429,True
banco_rango,Banco Popular | Mayor a 6 SMLMV y menor o igual a 12 SMLMV,2023-09,2026-02,29,26,580,5.0,20.905,32.626444444444445,3.691654439928064,30,0.9666666666666667,True
banco_rango,Itaú | Menor o igual a 3 SMLMV,2023-09,2026-02,30,27,434,10.5,18.765,29.3025,3.2178998349426844,30,1.0,True
banco_rango,Banco Davivienda | Mayor a 100 SMLMV,2023-09,2026-01,28,25,347,11.0,15.522682926829267,30.14,3.587979140412926,29,0.9655172413793104,True
banco_rango,Finandina | Menor o igual a 3 SMLMV,2023-09,2026-02,27,24,331,12.0,22.27,36.81333333333333,3.2078199982799087,30,0.9,True
banco_rango,Banco Popular | Mayor a 3 SMLMV y menor o igual a 6 SMLMV,2023-09,2025-12,26,23,321,2.0,22.3975,34.788448275862066,4.074549996964883,28,0.9285714285714286,True
banco_rango,Banco Popular | Mayor a 25 SMLMV y menor o igual a 100 SMLMV,2023-09,2026-02,25,22,299,3.0,21.063333333333333,29.098000000000003,1.9331364239079945,30,0.8333333333333334,True
banco_rango,Banco Falabella | Mayor a 100 SMLMV,2023-09,2026-02,25,22,247,9.0,15.39,30.93,3.9942009084872425,30,0.8333333333333334,True
banco_rango,Banco Caja Social | Mayor a 100 SMLMV,2023-09,2026-02,29,26,210,6.0,13.475,22.455,2.842166455953683,30,0.9666666666666667,True
banco_rango,Banco Unión | Menor o igual a 3 SMLMV,2023-09,2026-02,30,27,173,5.5,24.31,41.75,5.090789536268039,30,1.0,True
banco_rango,Banco Unión | Mayor a 6 SMLMV y menor o igual a 12 SMLMV,2023-10,2026-02,29,26,157,5.0,24.31833333333333,39.45,4.639787420312749,29,1.0,True
banco_rango,Banco Unión | Mayor a 3 SMLMV y menor o igual a 6 SMLMV,2023-10,2026-02,29,26,117,4.0,24.31,39.45,4.369720848729426,29,1.0,True
banco_rango,Coopcentral | Mayor a 25 SMLMV y menor o igual a 100 SMLMV,2023-09,2026-02,29,26,104,3.0,12.676666666666668,29.0,3.532724888350058,30,0.9666666666666667,True
banco_rango,Bancien | Mayor a 6 SMLMV y menor o igual a 12 SMLMV,2023-09,2024-08,12,9,2681,245.0,29.153673469387755,39.8,3.802062994139355,12,1.0,False
banco_rango,Banco Contactar | Menor o igual a 3 SMLMV,2024-03,2025-12,8,5,1876,193.5,14.0,33.3,6.352424181817032,22,0.36363636363636365,False
banco_rango,Bancien | Mayor a 3 SMLMV y menor o igual a 6 SMLMV,2023-09,2024-09,13,10,1603,125.0,14.03,39.8,6.7256567706718196,13,1.0,False
banco_rango,Banco Contactar | Mayor a 3 SMLMV y menor o igual a 6 SMLMV,2024-03,2025-12,7,4,1135,166.0,24.98,33.3,2.850727303205677,22,0.3181818181818182,False
banco_rango,Bancien | Menor o igual a 3 SMLMV,2023-09,2024-08,12,9,314,25.5,29.154615384615383,39.8,3.8113000797914323,12,1.0,False
banco_rango,Banco Pichincha | Mayor a 12 SMLMV y menor o igual a 25 SMLMV,2023-10,2024-11,9,6,161,11.0,19.0,29.486,3.5794117994341765,14,0.6428571428571429,False
banco_rango,Banco Pichincha | Mayor a 6 SMLMV y menor o igual a 12 SMLMV,2023-09,2025-05,10,7,118,4.5,18.298947368421054,36.02333333333333,5.484024352206931,21,0.47619047619047616,False
banco_rango,Banco Contactar | Mayor a 6 SMLMV y menor o igual a 12 SMLMV,2024-03,2025-12,7,4,109,14.0,24.98,33.3,2.8501907278147343,22,0.3181818181818182,False
banco_rango,Bancien | Mayor a 12 SMLMV y menor o igual a 25 SMLMV,2023-09,2023-12,4,1,105,30.0,37.56,39.8,0.9688430122124639,4,1.0,False
banco_rango,Banco Popular | Menor o igual a 3 SMLMV,2023-09,2026-02,20,17,101,2.0,24.09,34.669999999999995,4.0427194561658615,30,0.6666666666666666,False
banco_rango,Banco Serfinanza | Mayor a 100 SMLMV,2023-09,2026-02,28,25,88,3.0,12.55,25.53,3.7758977415184343,30,0.9333333333333333,False
banco_rango,Coopcentral | Mayor a 12 SMLMV y menor o igual a 25 SMLMV,2023-09,2026-02,25,22,86,2.0,14.695,25.5,3.1449902536154797,30,0.8333333333333334,False
banco_rango,Banco GNB Sudameris | Mayor a 25 SMLMV y menor o igual a 100 SMLMV,2023-10,2026-02,23,20,80,3.0,14.436666666666667,26.82,3.648879477582015,29,0.7931034482758621,False
banco_rango,Banco Pichincha | Mayor a 3 SMLMV y menor o igual a 6 SMLMV,2023-10,2024-11,8,5,80,8.0,18.73090909090909,22.258,1.3358708621901452,14,0.5714285714285714,False
banco_rango,Coopcentral | Mayor a 6 SMLMV y menor o igual a 12 SMLMV,2023-09,2026-02,29,26,77,2.0,16.0,29.0,3.5469079906972247,30,0.9666666666666667,False
banco_rango,Coopcentral | Mayor a 3 SMLMV y menor o igual a 6 SMLMV,2023-09,2026-02,27,24,66,2.0,16.0,29.0,3.436945784843265,30,0.9,False
banco_rango,Banco Pichincha | Menor o igual a 3 SMLMV,2023-10,2024-11,9,6,58,3.0,18.83555555555556,29.84,3.6503676083743772,14,0.6428571428571429,False
banco_rango,Banco GNB Sudameris | Mayor a 12 SMLMV y menor o igual a 25 SMLMV,2023-09,2026-02,24,21,56,2.0,14.0175,25.416666666666668,3.8664150097638843,30,0.8,False
banco_rango,Banco Unión | Mayor a 12 SMLMV y menor o igual a 25 SMLMV,2023-10,2026-02,27,24,51,2.0,22.195,39.45,4.531586862799097,29,0.9310344827586207,False
banco_rango,Banco Unión | Mayor a 25 SMLMV y menor o igual a 100 SMLMV,2023-11,2026-02,23,20,47,2.0,15.88,37.99,4.670398997410751,28,0.8214285714285714,False
banco_rango,Banco Santander | Mayor a 25 SMLMV y menor o igual a 100 SMLMV,2024-09,2026-02,14,11,46,2.0,4.5,11.045,1.9429493907883537,18,0.7777777777777778,False
banco_rango,MiBanco | Mayor a 3 SMLMV y menor o igual a 6 SMLMV,2023-10,2025-11,20,17,46,2.0,24.45,39.5,4.8489527898191245,26,0.7692307692307693,False
banco_rango,Banco Popular | Mayor a 100 SMLMV,2023-09,2025-06,10,7,43,2.5,18.86,27.835714285714285,2.7627590960703197,22,0.45454545454545453,False
banco_rango,Banco Pichincha | Mayor a 25 SMLMV y menor o igual a 100 SMLMV,2023-09,2023-12,4,1,41,9.5,19.08888888888889,29.095,4.664527857257065,4,1.0,False
banco_rango,Banco GNB Sudameris | Mayor a 100 SMLMV,2023-10,2026-02,21,18,40,2.0,12.0,24.97,3.833818066315675,29,0.7241379310344828,False
banco_rango,MiBanco | Menor o igual a 3 SMLMV,2023-09,2025-11,17,14,37,2.0,24.45,41.75,5.63986740358897,27,0.6296296296296297,False
banco_rango,Banco Santander | Mayor a 6 SMLMV y menor o igual a 12 SMLMV,2024-09,2025-12,11,8,35,3.0,4.5,17.59,4.995866202484942,16,0.6875,False
banco_rango,Banco Santander | Mayor a 12 SMLMV y menor o igual a 25 SMLMV,2024-09,2025-12,12,9,34,3.0,4.5,17.59,4.013359247788536,16,0.75,False
banco_rango,Coopcentral | Menor o igual a 3 SMLMV,2023-10,2025-12,17,14,34,2.0,12.0,28.0,4.044575969275621,27,0.6296296296296297,False
banco_rango,Banco GNB Sudameris | Mayor a 6 SMLMV y menor o igual a 12 SMLMV,2023-10,2026-02,19,16,32,1.0,12.72,27.24,3.719518372385679,29,0.6551724137931034,False
banco_rango,Banco GNB Sudameris | Mayor a 3 SMLMV y menor o igual a 6 SMLMV,2023-10,2025-12,17,14,23,1.0,14.3,26.22,4.084144984859493,27,0.6296296296296297,False
banco_rango,Banco Agrario | Mayor a 100 SMLMV,2024-08,2026-02,11,8,22,1.0,21.6,25.9,1.3584738912218055,19,0.5789473684210527,False
banco_rango,Banco Santander | Mayor a 100 SMLMV,2024-05,2025-11,9,6,20,2.0,4.5,21.02,5.506666666666666,19,0.47368421052631576,False
banco_rango,MiBanco | Mayor a 6 SMLMV y menor o igual a 12 SMLMV,2023-11,2025-08,8,5,11,1.0,24.45,37.98,5.157261177906623,22,0.36363636363636365,False
banco_rango,Banco Unión | Mayor a 100 SMLMV,2024-02,2026-01,9,6,10,1.0,17.57,30.76,4.360632917873786,24,0.375,False
banco_rango,Coopcentral | Mayor a 100 SMLMV,2023-09,2026-02,9,6,10,1.0,14.0,20.0,2.403700850309326,30,0.3,False
banco_rango,Bancien | Mayor a 25 SMLMV y menor o igual a 100 SMLMV,2023-10,2026-01,4,1,6,1.5,14.03,14.03,0.0,28,0.14285714285714285,False
banco_rango,Banco Santander | Mayor a 3 SMLMV y menor o igual a 6 SMLMV,2024-12,2025-11,5,2,6,1.0,4.5,16.76,5.4828386808294844,12,0.4166666666666667,False
banco_rango,Banco Contactar | Mayor a 12 SMLMV y menor o igual a 25 SMLMV,2024-03,2024-06,2,0,5,2.5,30.83,33.3,1.7465537495307715,4,0.5,False
banco_rango,Banco Pichincha | Mayor a 100 SMLMV,2023-09,2024-10,3,0,5,1.0,12.0,29.53,9.180855886834017,14,0.21428571428571427,False
banco_rango,Banco Santander | Menor o igual a 3 SMLMV,2024-05,2025-09,4,1,5,1.0,0.0,17.59,8.743326502729571,17,0.23529411764705882,False
banco_rango,Finandina | Mayor a 100 SMLMV,2024-05,2024-10,3,0,4,1.0,12.16,18.01,3.0563104118092026,6,0.5,False
banco_rango,Banco GNB Sudameris | Menor o igual a 3 SMLMV,2024-10,2025-08,3,0,3,1.0,17.34,22.0,2.3387461027938317,11,0.2727272727272727,False
banco_rango,Banco Mundo Mujer | Mayor a 25 SMLMV y menor o igual a 100 SMLMV,2023-10,2023-12,2,0,3,1.5,37.92,39.79,1.3222896808188445,3,0.6666666666666666,False
banco_rango,MiBanco | Mayor a 12 SMLMV y menor o igual a 25 SMLMV,2023-10,2024-07,2,0,2,1.0,29.16,39.5,7.3114841174689,10,0.2,False
banco,Bancolombia,2023-09,2026-02,30,27,1419584,41075.0,20.575639174061827,33.37140337206007,3.999068803507759,30,1.0,True
banco,Banco de Bogotá,2023-09,2026-02,30,27,1055340,33610.5,22.979255760784557,35.25454464462483,4.1287311534941455,30,1.0,True
banco,Banco Davibank,2023-09,2026-02,30,27,790536,10104.5,20.643107302533533,41.7416535193335,5.961566498770049,30,1.0,True
banco,Banco Davivienda,2023-09,2026-02,30,27,751156,24377.5,20.70635070906913,32.2724336973479,3.797326805562271,30,1.0,True
banco,Banco Falabella,2023-09,2026-02,30,27,515158,17878.0,22.72325016857721,37.426073796973306,4.646027375011095,30,1.0,True
banco,BBVA Colombia,2023-09,2026-02,30,27,317098,10504.0,21.48684552386332,32.60716461438756,3.684450372604947,30,1.0,True
banco,Banco Mundo Mujer,2023-09,2026-02,30,27,202665,6665.0,24.37136972074775,41.90766129032258,5.179567652616369,30,1.0,True
banco,Banco Caja Social,2023-09,2026-02,30,27,190114,5990.5,23.056316705336428,33.83572896417662,3.941915956815097,30,1.0,True
banco,Lulo Bank,2023-09,2026-02,30,27,158516,5153.0,20.75282140064783,30.66532791642484,3.3414320369387522,30,1.0,True
banco,Banco de Occidente,2023-09,2026-02,30,27,81332,2410.0,19.24805647341544,29.75138857142857,3.42205175680702,30,1.0,True
banco,Banco AV Villas,2023-09,2026-02,30,27,77228,2109.5,18.868521536670546,29.14957661290323,3.355590940957307,30,1.0,True
banco,Itaú,2023-09,2026-02,30,27,43631,1436.0,17.998195625759415,26.403834808259585,2.681922094256263,30,1.0,True
banco,Bancoomeva,2023-09,2026-02,30,27,33875,1020.0,17.015150732127477,29.23279469164715,3.9350837575811366,30,1.0,True
banco,Banco Serfinanza,2023-09,2026-02,30,27,19205,578.0,16.726589211618258,23.974134615384614,1.9692909134467813,30,1.0,True
banco,Finandina,2023-09,2026-02,30,27,16028,521.5,21.042543604651165,32.34948888888889,3.2440039040142166,30,1.0,True
banco,Banco Agrario,2023-09,2026-02,30,27,10567,344.0,21.66915470494418,30.061375661375664,2.807771071997826,30,1.0,True
banco,Banco Popular,2023-09,2026-02,30,27,1935,12.0,21.884444444444444,31.452662721893493,2.884586112106132,30,1.0,True
banco,Banco Unión,2023-09,2026-02,30,27,555,17.5,23.920357142857146,41.75,5.042493608111704,30,1.0,True
banco,Coopcentral,2023-09,2026-02,30,27,377,10.5,16.258235294117647,24.6,2.367323120811124,30,1.0,True
banco,Banco GNB Sudameris,2023-09,2026-02,30,27,234,7.5,14.27727272727273,25.305,3.640482282855935,30,1.0,True
banco,Bancien,2023-09,2026-01,15,12,4709,415.0,14.03,39.8,9.065474913473436,29,0.5172413793103449,False
banco,Banco Contactar,2024-03,2025-12,8,5,3125,366.5,14.0,33.3,6.352485380448547,22,0.36363636363636365,False
banco,Banco Pichincha,2023-09,2025-05,12,9,463,17.5,18.90671052631579,29.492500000000003,3.631481967541906,21,0.5714285714285714,False
banco,Banco Santander,2024-05,2026-02,16,13,146,8.0,4.5,12.68125,2.4151225896328867,22,0.7272727272727273,False
banco,MiBanco,2023-09,2025-11,23,20,96,3.0,24.45,41.75,5.360312969161465,27,0.8518518518518519,False
rango,Menor o igual a 3 SMLMV,2023-09,2026-02,30,27,1722917,52149.0,23.14237155671587,37.11328481319748,4.413227150100026,30,1.0,True
rango,Mayor a 3 SMLMV y menor o igual a 6 SMLMV,2023-09,2026-02,30,27,1119316,36736.0,22.71552528523553,35.901378880580104,4.251738888141357,30,1.0,True
rango,Mayor a 6 SMLMV y menor o igual a 12 SMLMV,2023-09,2026-02,30,27,967291,32703.0,21.97158478953731,34.41655837287316,4.074312562800127,30,1.0,True
rango,Mayor a 12 SMLMV y menor o igual a 25 SMLMV,2023-09,2026-02,30,27,680889,23303.0,20.655756269714853,32.78169527373302,3.9476067102291417,30,1.0,True
rango,Mayor a 100 SMLMV,2023-09,2026-02,30,27,610474,7496.5,19.701067947838023,41.566336640630496,6.1840865624064625,30,1.0,True
rango,Mayor a 25 SMLMV y menor o igual a 100 SMLMV,2023-09,2026-02,30,27,592786,19816.5,19.232627925678248,33.43651943005182,4.566861336761498,30,1.0,True
total,total_sistema,2023-09,2026-02,30,27,5693673,186743.5,21.791183564554977,37.54956435812492,4.788064482687833,30,1.0,True
