mes,banco,suma_tasa_credito,total_creditos,registros_fuente,fecha_minima,fecha_maxima,tasa_ponderada
2023-09,BBVA Colombia,100625.71,3086,1338,2023-09-29,2023-09-29,32.60716461438756
2023-09,Bancien,4736.2,119,73,2023-09-29,2023-09-29,39.8
2023-09,Banco AV Villas,14458.19,496,338,2023-09-29,2023-09-29,29.14957661290323
2023-09,Banco Agrario,2302.88,78,77,2023-09-29,2023-09-29,29.524102564102567
2023-09,Banco Caja Social,121842.46,3601,2138,2023-09-29,2023-09-29,33.83572896417662
2023-09,Banco Davibank,1508084.2,36129,1190,2023-09-29,2023-09-29,41.7416535193335
2023-09,Banco Davivienda,170451.41,5285,2234,2023-09-29,2023-09-29,32.25192242194891
2023-09,Banco Falabella,86657.33,2486,1070,2023-09-29,2023-09-29,34.858137570394206
2023-09,Banco GNB Sudameris,25.02,1,1,2023-09-29,2023-09-29,25.02
2023-09,Banco Mundo Mujer,67555.15,1612,976,2023-09-29,2023-09-29,41.90766129032258
2023-09,Banco Pichincha,353.91,12,12,2023-09-29,2023-09-29,29.492500000000003
2023-09,Banco Popular,3574.4,120,92,2023-09-29,2023-09-29,29.78666666666667
2023-09,Banco Serfinanza,11687.9,532,346,2023-09-29,2023-09-29,21.969736842105263
2023-09,Banco Unión,125.25,3,3,2023-09-29,2023-09-29,41.75
2023-09,Banco de Bogotá,282687.42,8040,2680,2023-09-29,2023-09-29,35.16012686567164
2023-09,Banco de Occidente,39102.85,1401,565,2023-09-29,2023-09-29,27.91067094932191
2023-09,Bancolombia,170199.75,5254,1886,2023-09-29,2023-09-29,32.394318614389036
2023-09,Bancoomeva,16536.6,650,461,2023-09-29,2023-09-29,25.440923076923074
2023-09,Coopcentral,177.17000000000002,10,9,2023-09-29,2023-09-29,17.717000000000002
2023-09,Finandina,13373.15,424,274,2023-09-29,2023-09-29,31.540448113207546
2023-09,Itaú,14517.43,605,292,2023-09-29,2023-09-29,23.995752066115703
2023-09,Lulo Bank,11857.380000000001,388,211,2023-09-29,2023-09-29,30.560257731958764
2023-09,MiBanco,41.75,1,1,2023-09-29,2023-09-29,41.75
2023-10,BBVA Colombia,338406.06,10385,4777,2023-10-06,2023-10-27,32.586043331728455
2023-10,Bancien,16877.489999999998,426,312,2023-10-06,2023-10-27,39.618521126760555
2023-10,Banco AV Villas,42239.01,1538,1068,2023-10-06,2023-10-27,27.463595578673605
2023-10,Banco Agrario,5681.6,189,187,2023-10-06,2023-10-27,30.061375661375664
2023-10,Banco Caja Social,325867.23,9748,6230,2023-10-06,2023-10-27,33.429137258924904
2023-10,Banco Davibank,5907498.5,149707,4989,2023-10-06,2023-10-27,39.46040265318255
2023-10,Banco Davivienda,786091.9400000001,24358,9709,2023-10-06,2023-10-27,32.2724336973479
2023-10,Banco Falabella,660308.22,17643,5575,2023-10-06,2023-10-27,37.426073796973306
2023-10,Banco GNB Sudameris,243.81,10,9,2023-10-06,2023-10-27,24.381
2023-10,Banco Mundo Mujer,228669.09,5754,3600,2023-10-06,2023-10-27,39.74089155370177
2023-10,Banco Pichincha,672.19,28,27,2023-10-06,2023-10-27,24.006785714285716
2023-10,Banco Popular,9689.27,324,243,2023-10-06,2023-10-27,29.905154320987656
2023-10,Banco Serfinanza,24982.45,1096,712,2023-10-06,2023-10-27,22.794206204379563
2023-10,Banco Unión,591.75,15,15,2023-10-06,2023-10-27,39.45
2023-10,Banco de Bogotá,1068424.23,30306,12692,2023-10-06,2023-10-27,35.25454464462483
2023-10,Banco de Occidente,114096.71,4079,1936,2023-10-06,2023-10-27,27.971735719539105
2023-10,Bancolombia,942141.46,28232,10264,2023-10-06,2023-10-27,33.37140337206007
2023-10,Bancoomeva,42707.24,1591,1238,2023-10-06,2023-10-27,26.84301697045883
2023-10,Coopcentral,772.5,35,35,2023-10-06,2023-10-27,22.071428571428573
2023-10,Finandina,19350.739999999998,609,473,2023-10-06,2023-10-27,31.77461412151067
2023-10,Itaú,25194.49,1001,620,2023-10-06,2023-10-27,25.16932067932068
2023-10,Lulo Bank,55464.450000000004,1827,1021,2023-10-06,2023-10-27,30.358210180623978
2023-10,MiBanco,276.5,7,7,2023-10-06,2023-10-27,39.5
2023-11,BBVA Colombia,552845.21,17040,6781,2023-11-03,2023-11-24,32.44396772300469
2023-11,Bancien,17340.84,453,334,2023-11-03,2023-11-24,38.28
2023-11,Banco AV Villas,34852.23,1248,900,2023-11-03,2023-11-24,27.92646634615385
2023-11,Banco Agrario,4730.82,164,164,2023-11-03,2023-11-24,28.846463414634144
2023-11,Banco Caja Social,261785.25,7808,5013,2023-11-03,2023-11-24,33.527824026639344
2023-11,Banco Davibank,5833059.74,153475,5260,2023-11-03,2023-11-24,38.00657918227724
2023-11,Banco Davivienda,917594.3,29078,10815,2023-11-03,2023-11-24,31.556307173808378
2023-11,Banco Falabella,614575.41,17068,5658,2023-11-03,2023-11-24,36.00746484649637
2023-11,Banco GNB Sudameris,101.22,4,4,2023-11-03,2023-11-24,25.305
2023-11,Banco Mundo Mujer,215772.78,5642,3527,2023-11-03,2023-11-24,38.24402339595888
2023-11,Banco Pichincha,603.36,23,22,2023-11-03,2023-11-24,26.23304347826087
2023-11,Banco Popular,11896.21,390,293,2023-11-03,2023-11-24,30.503102564102562
2023-11,Banco Serfinanza,18270.3,802,589,2023-11-03,2023-11-24,22.78092269326683
2023-11,Banco Unión,364.62,10,10,2023-11-03,2023-11-24,36.462
2023-11,Banco de Bogotá,918090.78,26359,11413,2023-11-03,2023-11-24,34.83025835577981
2023-11,Banco de Occidente,104129.86,3500,1697,2023-11-03,2023-11-24,29.75138857142857
2023-11,Bancolombia,875211.75,26574,10125,2023-11-03,2023-11-24,32.93488936554527
2023-11,Bancoomeva,37447.21,1281,1069,2023-11-03,2023-11-24,29.23279469164715
2023-11,Coopcentral,462.2,20,20,2023-11-03,2023-11-24,23.11
2023-11,Finandina,14557.27,450,369,2023-11-03,2023-11-24,32.34948888888889
2023-11,Itaú,27694.45,1071,609,2023-11-03,2023-11-24,25.858496732026143
2023-11,Lulo Bank,52836.36,1723,980,2023-11-03,2023-11-24,30.66532791642484
2023-11,MiBanco,189.89999999999998,5,5,2023-11-03,2023-11-24,37.98
2023-12,BBVA Colombia,476056.51,14883,6710,2023-12-01,2023-12-29,31.986596116374386
2023-12,Bancien,19493.64,520,411,2023-12-01,2023-12-29,37.48776923076923
2023-12,Banco AV Villas,37329.85,1304,981,2023-12-01,2023-12-29,28.627185582822086
2023-12,Banco Agrario,7607.12,261,261,2023-12-01,2023-12-29,29.14605363984674
2023-12,Banco Caja Social,230432.39,6815,4846,2023-12-01,2023-12-29,33.812529713866475
2023-12,Banco Davibank,7019105.3,188093,6396,2023-12-01,2023-12-29,37.317206381949354
2023-12,Banco Davivienda,853472.3,27573,10847,2023-12-01,2023-12-29,30.953189714575856
2023-12,Banco Falabella,301750.31,8976,4129,2023-12-01,2023-12-29,33.61745877896613
2023-12,Banco GNB Sudameris,93.97,4,4,2023-12-01,2023-12-29,23.4925
2023-12,Banco Mundo Mujer,269801.31,7194,4344,2023-12-01,2023-12-29,37.50365721434529
2023-12,Banco Pichincha,1436.91,76,67,2023-12-01,2023-12-29,18.90671052631579
2023-12,Banco Popular,11035.25,358,261,2023-12-01,2023-12-29,30.824720670391063
2023-12,Banco Serfinanza,24494.0,1044,642,2023-12-01,2023-12-29,23.461685823754788
2023-12,Banco Unión,591.33,16,14,2023-12-01,2023-12-29,36.958125
2023-12,Banco de Bogotá,1097272.52,32032,13496,2023-12-01,2023-12-29,34.25551073926074
2023-12,Banco de Occidente,108122.11,3713,1817,2023-12-01,2023-12-29,29.119878804201456
2023-12,Bancolombia,917238.27,28896,11400,2023-12-01,2023-12-29,31.742741901993355
2023-12,Bancoomeva,36258.99,1264,1103,2023-12-01,2023-12-29,28.68590981012658
2023-12,Coopcentral,672.7,30,30,2023-12-01,2023-12-29,22.423333333333336
2023-12,Finandina,16280.6,521,435,2023-12-01,2023-12-29,31.248752399232245
2023-12,Itaú,43441.88,1654,894,2023-12-01,2023-12-29,26.264740024183794
2023-12,Lulo Bank,51568.18,1818,1130,2023-12-01,2023-12-29,28.365335533553356
2023-12,MiBanco,75.12,2,2,2023-12-01,2023-12-01,37.56
2024-01,BBVA Colombia,132997.21,4297,2481,2024-01-05,2024-01-26,30.95117756574354
2024-01,Bancien,14516.699999999999,415,298,2024-01-05,2024-01-26,34.98
2024-01,Banco AV Villas,22486.16,848,653,2024-01-05,2024-01-26,26.516698113207546
2024-01,Banco Agrario,4418.16,158,157,2024-01-05,2024-01-26,27.963037974683544
2024-01,Banco Caja Social,132252.0,4071,2934,2024-01-05,2024-01-26,32.48636698599853
2024-01,Banco Davibank,197109.71,6619,2407,2024-01-05,2024-01-26,29.77937906028101
2024-01,Banco Davivienda,673180.53,22469,8195,2024-01-05,2024-01-26,29.96041345854288
2024-01,Banco Falabella,168606.82,5089,2015,2024-01-05,2024-01-26,33.13162114364315
2024-01,Banco GNB Sudameris,98.12,4,4,2024-01-26,2024-01-26,24.53
2024-01,Banco Mundo Mujer,199065.62,5709,3547,2024-01-05,2024-01-26,34.86873708180067
2024-01,Banco Pichincha,1691.0,89,74,2024-01-05,2024-01-26,19.0
2024-01,Banco Popular,5315.5,169,139,2024-01-05,2024-01-26,31.452662721893493
2024-01,Banco Serfinanza,12691.880000000001,540,343,2024-01-05,2024-01-26,23.503481481481483
2024-01,Banco Unión,348.0,10,10,2024-01-05,2024-01-26,34.8
2024-01,Banco de Bogotá,801921.55,24998,11072,2024-01-05,2024-01-26,32.079428354268344
2024-01,Banco de Occidente,61201.26,2191,1151,2024-01-05,2024-01-26,27.933026015518028
2024-01,Bancolombia,895590.04,29325,10238,2024-01-05,2024-01-26,30.540154816709293
2024-01,Bancoomeva,17803.75,628,577,2024-01-05,2024-01-26,28.349920382165607
2024-01,Coopcentral,338.5,15,15,2024-01-05,2024-01-26,22.566666666666666
2024-01,Finandina,14862.49,494,386,2024-01-05,2024-01-26,30.086012145748988
2024-01,Itaú,17901.8,678,455,2024-01-05,2024-01-26,26.403834808259585
2024-01,Lulo Bank,32941.67,1187,739,2024-01-05,2024-01-26,27.752038753159223
2024-02,BBVA Colombia,114159.94,3729,2250,2024-02-02,2024-02-23,30.61408956824886
2024-02,Bancien,15281.89,437,303,2024-02-02,2024-02-23,34.97
2024-02,Banco AV Villas,26329.06,981,717,2024-02-02,2024-02-23,26.839001019367995
2024-02,Banco Agrario,5562.37,200,199,2024-02-02,2024-02-23,27.81185
2024-02,Banco Caja Social,142322.4,4394,3223,2024-02-02,2024-02-23,32.390168411470185
2024-02,Banco Davibank,226659.48,7458,2707,2024-02-02,2024-02-23,30.391456154465004
2024-02,Banco Davivienda,648849.91,22714,8473,2024-02-02,2024-02-23,28.566078629919875
2024-02,Banco Falabella,344416.69,10185,2940,2024-02-02,2024-02-23,33.81607167403044
2024-02,Banco GNB Sudameris,96.76,4,4,2024-02-02,2024-02-23,24.19
2024-02,Banco Mundo Mujer,232889.07,6685,4120,2024-02-02,2024-02-23,34.83755721765146
2024-02,Banco Pichincha,2508.0,132,96,2024-02-02,2024-02-23,19.0
2024-02,Banco Popular,5471.91,179,152,2024-02-02,2024-02-23,30.569329608938546
2024-02,Banco Serfinanza,14755.470000000001,622,410,2024-02-02,2024-02-23,23.722620578778137
2024-02,Banco Unión,471.15,14,14,2024-02-02,2024-02-23,33.653571428571425
2024-02,Banco de Bogotá,886107.78,27472,12119,2024-02-02,2024-02-23,32.25494248689575
2024-02,Banco de Occidente,83163.87,3038,1473,2024-02-02,2024-02-23,27.374545753785384
2024-02,Bancolombia,836602.33,28713,10619,2024-02-02,2024-02-23,29.136709156131367
2024-02,Bancoomeva,29174.17,1015,891,2024-02-02,2024-02-23,28.74302463054187
2024-02,Coopcentral,234.5,10,10,2024-02-02,2024-02-23,23.45
2024-02,Finandina,16504.89,541,428,2024-02-02,2024-02-23,30.5081146025878
2024-02,Itaú,27941.24,1106,656,2024-02-02,2024-02-23,25.263327305605788
2024-02,Lulo Bank,51818.43,1823,1091,2024-02-02,2024-02-23,28.424810751508502
2024-02,MiBanco,208.02,6,6,2024-02-02,2024-02-23,34.67
2024-03,BBVA Colombia,157832.1,5237,2923,2024-03-01,2024-03-29,30.137884284895932
2024-03,Bancien,15373.05,462,348,2024-03-01,2024-03-29,33.275
2024-03,Banco AV Villas,24913.3,957,767,2024-03-01,2024-03-29,26.032706374085684
2024-03,Banco Agrario,8783.25,313,313,2024-03-01,2024-03-29,28.06150159744409
2024-03,Banco Caja Social,157383.73,5068,3734,2024-03-01,2024-03-29,31.05440607734807
2024-03,Banco Contactar,29237.399999999998,878,815,2024-03-08,2024-03-29,33.3
2024-03,Banco Davibank,222502.98,7577,3016,2024-03-01,2024-03-29,29.36557740530553
2024-03,Banco Davivienda,649782.5,22909,8874,2024-03-01,2024-03-29,28.363634379501505
2024-03,Banco Falabella,396102.12,12230,3942,2024-03-01,2024-03-29,32.387744889615696
2024-03,Banco GNB Sudameris,147.94,6,6,2024-03-15,2024-03-22,24.656666666666666
2024-03,Banco Mundo Mujer,267146.74,7966,4876,2024-03-01,2024-03-29,33.53586994727592
2024-03,Banco Pichincha,1615.0,85,72,2024-03-01,2024-03-22,19.0
2024-03,Banco Popular,4454.18,146,114,2024-03-01,2024-03-29,30.508082191780822
2024-03,Banco Serfinanza,9973.24,416,320,2024-03-01,2024-03-29,23.974134615384614
2024-03,Banco Unión,501.5,16,16,2024-03-01,2024-03-29,31.34375
2024-03,Banco de Bogotá,1053608.32,33752,14271,2024-03-01,2024-03-29,31.216174448921546
2024-03,Banco de Occidente,95122.97,3567,1782,2024-03-01,2024-03-29,26.667499299130924
2024-03,Bancolombia,914845.67,32456,12239,2024-03-01,2024-03-29,28.18725875030811
2024-03,Bancoomeva,64883.5,2336,1639,2024-03-01,2024-03-29,27.775470890410958
2024-03,Coopcentral,295.7,14,14,2024-03-01,2024-03-29,21.12142857142857
2024-03,Finandina,16731.83,654,521,2024-03-01,2024-03-29,25.583837920489298
2024-03,Itaú,26660.09,1079,682,2024-03-01,2024-03-29,24.70814643188137
2024-03,Lulo Bank,118861.45999999999,4023,1983,2024-03-01,2024-03-29,29.54547849863286
2024-03,MiBanco,231.0,7,7,2024-03-15,2024-03-29,33.0
2024-04,BBVA Colombia,108558.25,4012,2309,2024-04-05,2024-04-26,27.05838733798604
2024-04,Bancien,9331.380000000001,282,216,2024-04-05,2024-04-26,33.09
2024-04,Banco AV Villas,24206.09,948,726,2024-04-05,2024-04-26,25.533850210970463
2024-04,Banco Agrario,7299.26,264,263,2024-04-05,2024-04-26,27.64871212121212
2024-04,Banco Caja Social,152650.74,5123,3647,2024-04-05,2024-04-26,29.7971383954714
2024-04,Banco Contactar,23927.210000000003,723,663,2024-04-05,2024-04-26,33.09434301521439
2024-04,Banco Davibank,264713.5,9237,2965,2024-04-05,2024-04-26,28.657951715925083
2024-04,Banco Davivienda,534148.53,19416,7789,2024-04-05,2024-04-26,27.510740111248456
2024-04,Banco Falabella,249852.33,7922,3120,2024-04-05,2024-04-26,31.539046957838927
2024-04,Banco GNB Sudameris,172.8,7,7,2024-04-05,2024-04-26,24.685714285714287
2024-04,Banco Mundo Mujer,214954.21000000002,6505,3895,2024-04-05,2024-04-26,33.04445964642583
2024-04,Banco Pichincha,38.0,2,2,2024-04-12,2024-04-26,19.0
2024-04,Banco Popular,584.15,21,21,2024-04-05,2024-04-26,27.816666666666666
2024-04,Banco Serfinanza,6668.72,313,253,2024-04-05,2024-04-26,21.305814696485623
2024-04,Banco Unión,380.44,12,12,2024-04-05,2024-04-26,31.703333333333333
2024-04,Banco de Bogotá,982960.2,31804,13100,2024-04-05,2024-04-26,30.906810464092565
2024-04,Banco de Occidente,76935.56,3030,1455,2024-04-05,2024-04-26,25.39127392739274
2024-04,Bancolombia,1090631.96,38381,11422,2024-04-05,2024-04-26,28.41593392564029
2024-04,Bancoomeva,50878.18,1850,1290,2024-04-05,2024-04-26,27.501718918918918
2024-04,Coopcentral,246.0,10,10,2024-04-05,2024-04-26,24.6
2024-04,Finandina,12184.31,511,420,2024-04-05,2024-04-26,23.844050880626224
2024-04,Itaú,21896.98,878,612,2024-04-05,2024-04-26,24.939612756264236
2024-04,Lulo Bank,85384.21,3461,1777,2024-04-05,2024-04-26,24.670387171337765
2024-05,BBVA Colombia,185623.63,6708,3653,2024-05-03,2024-05-31,27.671978234943353
2024-05,Bancien,17013.15,541,403,2024-05-03,2024-05-31,31.447597042513866
2024-05,Banco AV Villas,29226.1,1189,878,2024-05-03,2024-05-31,24.58040370058873
2024-05,Banco Agrario,10397.4,391,390,2024-05-03,2024-05-31,26.591815856777494
2024-05,Banco Caja Social,202967.36000000002,7088,5015,2024-05-03,2024-05-31,28.635349887133184
2024-05,Banco Contactar,18723.6,594,530,2024-05-03,2024-05-31,31.52121212121212
2024-05,Banco Davibank,264422.66,9674,3290,2024-05-03,2024-05-31,27.333332644200947
2024-05,Banco Davivienda,750972.37,28389,11912,2024-05-03,2024-05-31,26.452934939589277
2024-05,Banco Falabella,447568.55,14537,5376,2024-05-03,2024-05-31,30.7882334732063
2024-05,Banco GNB Sudameris,234.76,10,10,2024-05-03,2024-05-31,23.476
2024-05,Banco Mundo Mujer,236087.1,7458,4551,2024-05-03,2024-05-31,31.65555108608206
2024-05,Banco Popular,394.4,14,13,2024-05-10,2024-05-31,28.17142857142857
2024-05,Banco Santander,21.02,2,2,2024-05-17,2024-05-17,10.51
2024-05,Banco Serfinanza,5847.62,273,249,2024-05-03,2024-05-31,21.41985347985348
2024-05,Banco Unión,552.52,18,18,2024-05-03,2024-05-31,30.695555555555554
2024-05,Banco de Bogotá,1133525.31,37841,14283,2024-05-03,2024-05-31,29.954951243360377
2024-05,Banco de Occidente,83967.28,3499,1661,2024-05-03,2024-05-31,23.997507859388396
2024-05,Bancolombia,1321097.46,47164,14517,2024-05-03,2024-05-31,28.01071707234331
2024-05,Bancoomeva,54870.54,1990,1434,2024-05-03,2024-05-31,27.57313567839196
2024-05,Coopcentral,205.0,9,9,2024-05-03,2024-05-31,22.77777777777778
2024-05,Finandina,16958.96,709,568,2024-05-03,2024-05-31,23.919548660084626
2024-05,Itaú,27187.9,1162,783,2024-05-03,2024-05-31,23.39750430292599
2024-05,Lulo Bank,170615.23,6777,3138,2024-05-03,2024-05-31,25.175627858934632
2024-05,MiBanco,93.69,3,3,2024-05-10,2024-05-17,31.23
2024-06,BBVA Colombia,93561.15,3499,2071,2024-06-07,2024-06-28,26.739396970563018
2024-06,Bancien,5797.92,188,151,2024-06-07,2024-06-28,30.84
2024-06,Banco AV Villas,19783.66,812,634,2024-06-07,2024-06-28,24.364113300492612
2024-06,Banco Agrario,6386.49,243,241,2024-06-07,2024-06-28,26.28185185185185
2024-06,Banco Caja Social,155153.19,5517,3989,2024-06-07,2024-06-28,28.122746057640022
2024-06,Banco Contactar,13349.39,433,389,2024-06-07,2024-06-28,30.83
2024-06,Banco Davibank,201375.12,7375,2558,2024-06-07,2024-06-28,27.305101016949152
2024-06,Banco Davivienda,524886.14,20384,8822,2024-06-07,2024-06-28,25.749908751962323
2024-06,Banco Falabella,390919.42000000004,13003,4493,2024-06-07,2024-06-28,30.06378681842652
2024-06,Banco GNB Sudameris,135.13,6,6,2024-06-14,2024-06-28,22.521666666666665
2024-06,Banco Mundo Mujer,174040.43,5652,3518,2024-06-07,2024-06-28,30.79271585279547
2024-06,Banco Popular,137.9,5,5,2024-06-07,2024-06-28,27.580000000000002
2024-06,Banco Serfinanza,19049.31,942,586,2024-06-07,2024-06-28,20.222197452229302
2024-06,Banco Unión,614.17,21,21,2024-06-07,2024-06-28,29.246190476190474
2024-06,Banco de Bogotá,767952.94,25961,9942,2024-06-07,2024-06-28,29.581023073071144
2024-06,Banco de Occidente,55333.93,2346,1199,2024-06-07,2024-06-28,23.58650042625746
2024-06,Bancolombia,1016274.33,36745,12334,2024-06-07,2024-06-28,27.657486188597087
2024-06,Bancoomeva,27433.29,957,774,2024-06-07,2024-06-28,28.66592476489028
2024-06,Coopcentral,173.0,8,8,2024-06-07,2024-06-28,21.625
2024-06,Finandina,12828.11,530,433,2024-06-07,2024-06-28,24.203981132075473
2024-06,Itaú,25307.88,1230,645,2024-06-07,2024-06-28,20.575512195121952
2024-06,Lulo Bank,132802.27,5035,2301,2024-06-07,2024-06-28,26.37582323733863
2024-06,MiBanco,61.08,2,2,2024-06-21,2024-06-21,30.54
2024-07,BBVA Colombia,136737.88,5364,3064,2024-07-05,2024-07-26,25.491774794929157
2024-07,Bancien,10940.789999999999,371,294,2024-07-05,2024-07-26,29.49
2024-07,Banco AV Villas,19912.16,828,654,2024-07-05,2024-07-26,24.048502415458938
2024-07,Banco Agrario,6363.71,250,250,2024-07-05,2024-07-26,25.45484
2024-07,Banco Caja Social,140968.18,5148,3793,2024-07-05,2024-07-26,27.38309634809635
2024-07,Banco Contactar,8844.11,300,276,2024-07-05,2024-07-26,29.48036666666667
2024-07,Banco Davibank,278016.07,10142,3024,2024-07-05,2024-07-26,27.41235160717807
2024-07,Banco Davivienda,395092.66,18355,8225,2024-07-05,2024-07-26,21.525070008172158
2024-07,Banco Falabella,377576.82,13265,3882,2024-07-05,2024-07-26,28.46414021862043
2024-07,Banco GNB Sudameris,62.41,3,3,2024-07-12,2024-07-12,20.80333333333333
2024-07,Banco Mundo Mujer,172096.46,5834,3497,2024-07-05,2024-07-26,29.498878985258827
2024-07,Banco Popular,315.38,12,12,2024-07-05,2024-07-26,26.281666666666666
2024-07,Banco Serfinanza,15693.300000000001,774,528,2024-07-05,2024-07-26,20.275581395348837
2024-07,Banco Unión,587.6,20,18,2024-07-05,2024-07-26,29.380000000000003
2024-07,Banco de Bogotá,894058.82,31707,13582,2024-07-05,2024-07-26,28.197521682909134
2024-07,Banco de Occidente,49307.27,2186,1065,2024-07-05,2024-07-26,22.55593321134492
2024-07,Bancolombia,1045114.32,39722,13047,2024-07-05,2024-07-26,26.31071748653139
2024-07,Bancoomeva,21101.329999999998,738,601,2024-07-05,2024-07-26,28.592588075880755
2024-07,Coopcentral,137.3,6,6,2024-07-05,2024-07-26,22.883333333333336
2024-07,Finandina,10173.4,421,353,2024-07-05,2024-07-26,24.164845605700712
2024-07,Itaú,16911.18,814,443,2024-07-05,2024-07-26,20.775405405405404
2024-07,Lulo Bank,109778.12,4074,1926,2024-07-05,2024-07-26,26.94602847324497
2024-07,MiBanco,175.11,6,6,2024-07-05,2024-07-26,29.185000000000002
2024-08,BBVA Colombia,137210.31,5303,3244,2024-08-02,2024-08-30,25.87409202338299
2024-08,Bancien,14300.29,491,413,2024-08-02,2024-08-30,29.124826883910387
2024-08,Banco AV Villas,33653.6,1461,1046,2024-08-02,2024-08-30,23.03463381245722
2024-08,Banco Agrario,10380.92,411,408,2024-08-02,2024-08-30,25.25771289537713
2024-08,Banco Caja Social,187571.18,6901,4977,2024-08-02,2024-08-30,27.18028981307057
2024-08,Banco Contactar,4934.8,169,146,2024-08-02,2024-08-16,29.200000000000003
2024-08,Banco Davibank,244788.38,8938,3273,2024-08-02,2024-08-30,27.387377489371225
2024-08,Banco Davivienda,535859.65,25879,11294,2024-08-02,2024-08-30,20.70635070906913
2024-08,Banco Falabella,506829.57,18113,5452,2024-08-02,2024-08-30,27.981536465522
2024-08,Banco GNB Sudameris,261.54,13,13,2024-08-02,2024-08-30,20.11846153846154
2024-08,Banco Mundo Mujer,235968.08,8082,4853,2024-08-02,2024-08-30,29.196743380351396
2024-08,Banco Popular,247.5,9,9,2024-08-02,2024-08-30,27.5
2024-08,Banco Serfinanza,19030.38,896,731,2024-08-02,2024-08-30,21.239263392857143
2024-08,Banco Unión,580.84,20,19,2024-08-02,2024-08-30,29.042
2024-08,Banco de Bogotá,1185157.62,42787,17076,2024-08-02,2024-08-30,27.69901184939351
2024-08,Banco de Occidente,75622.87,3442,1550,2024-08-02,2024-08-30,21.9706188262638
2024-08,Bancolombia,1530183.0,58250,17896,2024-08-02,2024-08-30,26.269236051502148
2024-08,Bancoomeva,32974.15,1401,1092,2024-08-02,2024-08-30,23.536152748037118
2024-08,Coopcentral,316.85,13,13,2024-08-02,2024-08-30,24.373076923076926
2024-08,Finandina,14832.77,588,485,2024-08-02,2024-08-30,25.22579931972789
2024-08,Itaú,33381.31,1567,822,2024-08-02,2024-08-30,21.302686662412253
2024-08,Lulo Bank,160104.6,5927,2788,2024-08-02,2024-08-30,27.012755188122153
2024-08,MiBanco,87.29,3,3,2024-08-02,2024-08-16,29.096666666666668
2024-09,BBVA Colombia,253246.71,10823,5008,2024-09-06,2024-09-27,23.398938371985587
2024-09,Bancien,14.03,1,1,2024-09-27,2024-09-27,14.03
2024-09,Banco AV Villas,42050.44,1967,1360,2024-09-06,2024-09-27,21.377956278596848
2024-09,Banco Agrario,8520.939999999999,343,341,2024-09-06,2024-09-27,24.842390670553932
2024-09,Banco Caja Social,153937.13,5721,4038,2024-09-06,2024-09-27,26.907381576647442
2024-09,Banco Davibank,191230.19,7298,2611,2024-09-06,2024-09-27,26.203095368594134
2024-09,Banco Davivienda,488443.21,21446,9661,2024-09-06,2024-09-27,22.775492399515063
2024-09,Banco Falabella,413509.7,14958,4608,2024-09-06,2024-09-27,27.644718545260062
2024-09,Banco GNB Sudameris,166.57,9,9,2024-09-06,2024-09-27,18.507777777777775
2024-09,Banco Mundo Mujer,191380.96,6645,3934,2024-09-06,2024-09-27,28.80074642588412
2024-09,Banco Pichincha,20.98,1,1,2024-09-27,2024-09-27,20.98
2024-09,Banco Popular,321.03000000000003,12,12,2024-09-13,2024-09-27,26.7525
2024-09,Banco Santander,31.5,7,5,2024-09-27,2024-09-27,4.5
2024-09,Banco Serfinanza,18347.32,872,612,2024-09-06,2024-09-27,21.04050458715596
2024-09,Banco Unión,343.56,12,12,2024-09-06,2024-09-27,28.63
2024-09,Banco de Bogotá,876355.87,32067,13419,2024-09-06,2024-09-27,27.328901050924628
2024-09,Banco de Occidente,51385.46,2395,1161,2024-09-06,2024-09-27,21.45530688935282
2024-09,Bancolombia,1407181.21,53549,16800,2024-09-06,2024-09-27,26.27838447029823
2024-09,Bancoomeva,17653.51,783,652,2024-09-06,2024-09-27,22.545989782886334
2024-09,Coopcentral,292.0,14,14,2024-09-06,2024-09-27,20.857142857142858
2024-09,Finandina,11686.11,455,318,2024-09-06,2024-09-27,25.683758241758245
2024-09,Itaú,23942.17,1109,594,2024-09-06,2024-09-27,21.588972046889086
2024-09,Lulo Bank,117766.43,4362,2169,2024-09-06,2024-09-27,26.99826455754241
2024-09,MiBanco,142.75,5,5,2024-09-13,2024-09-27,28.55
2024-10,BBVA Colombia,190495.75,8293,4262,2024-10-04,2024-10-25,22.97066803328108
2024-10,Banco AV Villas,46857.61,2192,1493,2024-10-04,2024-10-25,21.376646897810218
2024-10,Banco Agrario,7394.49,301,300,2024-10-04,2024-10-25,24.56641196013289
2024-10,Banco Caja Social,147309.04,5606,4070,2024-10-04,2024-10-25,26.277031751694615
2024-10,Banco Davibank,235633.05,9611,2623,2024-10-04,2024-10-25,24.51701695973364
2024-10,Banco Davivienda,476990.61,19939,8865,2024-10-04,2024-10-25,23.92249410702643
2024-10,Banco Falabella,507236.71,18910,5936,2024-10-04,2024-10-25,26.82372871496563
2024-10,Banco GNB Sudameris,229.75,13,13,2024-10-04,2024-10-25,17.673076923076923
2024-10,Banco Mundo Mujer,183778.99000000002,6524,3823,2024-10-04,2024-10-25,28.169679644389948
2024-10,Banco Pichincha,179.84,9,8,2024-10-11,2024-10-25,19.982222222222223
2024-10,Banco Popular,272.72,10,10,2024-10-04,2024-10-11,27.272000000000002
2024-10,Banco Serfinanza,14105.03,673,523,2024-10-04,2024-10-25,20.958439821693908
2024-10,Banco Unión,588.5699999999999,21,19,2024-10-04,2024-10-25,28.027142857142856
2024-10,Banco de Bogotá,937293.42,35061,14041,2024-10-04,2024-10-25,26.733219816890564
2024-10,Banco de Occidente,51746.409999999996,2422,1225,2024-10-04,2024-10-25,21.365156895127992
2024-10,Bancolombia,1732975.33,66573,19647,2024-10-04,2024-10-25,26.031203791326817
2024-10,Bancoomeva,22677.28,1054,870,2024-10-04,2024-10-25,21.515445920303605
2024-10,Coopcentral,278.0,12,12,2024-10-04,2024-10-25,23.166666666666668
2024-10,Finandina,13415.11,522,351,2024-10-04,2024-10-25,25.699444444444445
2024-10,Itaú,27073.670000000002,1266,694,2024-10-04,2024-10-25,21.385205371248027
2024-10,Lulo Bank,125958.95,4767,2349,2024-10-04,2024-10-25,26.423106775749947
2024-10,MiBanco,55.74,2,2,2024-10-11,2024-10-18,27.87
2024-11,BBVA Colombia,344739.86,14371,6574,2024-11-01,2024-11-29,23.988578387029435
2024-11,Banco AV Villas,56550.9,2566,1749,2024-11-01,2024-11-29,22.038542478565862
2024-11,Banco Agrario,12924.06,531,526,2024-11-01,2024-11-29,24.33909604519774
2024-11,Banco Caja Social,213250.84,8273,5815,2024-11-01,2024-11-29,25.77672428381482
2024-11,Banco Davibank,219960.95,8939,2927,2024-11-01,2024-11-29,24.606885557668644
2024-11,Banco Davivienda,735985.45,29819,12415,2024-11-01,2024-11-29,24.6817616284919
2024-11,Banco Falabella,588191.07,22144,7511,2024-11-01,2024-11-29,26.562096730491326
2024-11,Banco GNB Sudameris,177.16,10,9,2024-11-01,2024-11-29,17.716
2024-11,Banco Mundo Mujer,224451.13999999998,8047,4687,2024-11-01,2024-11-29,27.892523921958492
2024-11,Banco Pichincha,104.9,5,5,2024-11-01,2024-11-01,20.98
2024-11,Banco Popular,355.86,13,12,2024-11-08,2024-11-29,27.373846153846156
2024-11,Banco Serfinanza,13941.210000000001,658,530,2024-11-01,2024-11-29,21.18724924012158
2024-11,Banco Unión,599.97,22,21,2024-11-01,2024-11-29,27.27136363636364
2024-11,Banco de Bogotá,1124471.6,42308,16002,2024-11-01,2024-11-29,26.578226340172073
2024-11,Banco de Occidente,72613.36,3449,1485,2024-11-01,2024-11-29,21.053453174833287
2024-11,Bancolombia,1713279.75,66527,20767,2024-11-01,2024-11-29,25.753149097358968
2024-11,Bancoomeva,30220.46,1412,1166,2024-11-01,2024-11-29,21.402592067988667
2024-11,Coopcentral,311.4,15,15,2024-11-01,2024-11-29,20.759999999999998
2024-11,Finandina,18192.85,708,497,2024-11-01,2024-11-29,25.696115819209037
2024-11,Itaú,38079.26,1784,935,2024-11-01,2024-11-29,21.344876681614352
2024-11,Lulo Bank,118620.9,4671,2548,2024-11-01,2024-11-29,25.395183044315992
2024-11,MiBanco,82.80000000000001,3,3,2024-11-22,2024-11-29,27.600000000000005
2024-12,BBVA Colombia,165559.38,7143,3800,2024-12-06,2024-12-27,23.17784964300714
2024-12,Banco AV Villas,41862.56,1935,1378,2024-12-06,2024-12-27,21.634397932816537
2024-12,Banco Agrario,7105.29,308,306,2024-12-06,2024-12-27,23.069123376623377
2024-12,Banco Caja Social,142984.63,5775,4127,2024-12-06,2024-12-27,24.75924329004329
2024-12,Banco Davibank,145114.86,6154,2230,2024-12-06,2024-12-27,23.580575235619108
2024-12,Banco Davivienda,402416.55,17844,7899,2024-12-06,2024-12-27,22.551925016812373
2024-12,Banco Falabella,448178.15,17577,6693,2024-12-06,2024-12-27,25.497988849064118
2024-12,Banco GNB Sudameris,115.47,7,7,2024-12-06,2024-12-27,16.495714285714286
2024-12,Banco Mundo Mujer,153178.99,5803,3509,2024-12-06,2024-12-27,26.396517318628295
2024-12,Banco Popular,261.4,10,10,2024-12-06,2024-12-27,26.139999999999997
2024-12,Banco Santander,84.68,13,12,2024-12-20,2024-12-27,6.5138461538461545
2024-12,Banco Serfinanza,9579.16,460,364,2024-12-06,2024-12-27,20.82426086956522
2024-12,Banco Unión,359.15,14,14,2024-12-06,2024-12-27,25.65357142857143
2024-12,Banco de Bogotá,813815.64,31906,12200,2024-12-06,2024-12-27,25.50666457719551
2024-12,Banco de Occidente,42662.16,2061,1008,2024-12-06,2024-12-27,20.699737991266378
2024-12,Bancolombia,1229886.7,50617,15907,2024-12-06,2024-12-27,24.297897939427465
2024-12,Bancoomeva,17669.14,843,752,2024-12-06,2024-12-27,20.959833926453143
2024-12,Coopcentral,54.0,3,3,2024-12-20,2024-12-27,18.0
2024-12,Finandina,12689.19,498,336,2024-12-06,2024-12-27,25.480301204819277
2024-12,Itaú,30491.4,1481,835,2024-12-06,2024-12-27,20.588386225523298
2024-12,Lulo Bank,79842.14,3358,1871,2024-12-06,2024-12-27,23.776694460988683
2024-12,MiBanco,26.09,1,1,2024-12-20,2024-12-20,26.09
2025-01,BBVA Colombia,312939.37,13596,6246,2025-01-03,2025-01-31,23.017017505148573
2025-01,Banco AV Villas,41560.45,2027,1474,2025-01-03,2025-01-31,20.50342871238283
2025-01,Banco Agrario,6890.7,312,310,2025-01-03,2025-01-31,22.08557692307692
2025-01,Banco Caja Social,139912.86000000002,5959,4400,2025-01-03,2025-01-31,23.479251552273873
2025-01,Banco Davibank,292681.54,13289,3881,2025-01-03,2025-01-31,22.02434645195274
2025-01,Banco Davivienda,492039.73,22739,10090,2025-01-03,2025-01-31,21.63858261137253
2025-01,Banco Falabella,649542.45,26869,9734,2025-01-03,2025-01-31,24.174418474822286
2025-01,Banco GNB Sudameris,219.04999999999998,12,12,2025-01-03,2025-01-31,18.254166666666666
2025-01,Banco Mundo Mujer,191436.18,7662,4531,2025-01-03,2025-01-31,24.985144870790915
2025-01,Banco Popular,123.99,5,5,2025-01-10,2025-01-31,24.798
2025-01,Banco Santander,48.68,5,5,2025-01-24,2025-01-31,9.736
2025-01,Banco Serfinanza,10033.43,483,383,2025-01-03,2025-01-31,20.773146997929608
2025-01,Banco Unión,312.88,13,13,2025-01-10,2025-01-31,24.067692307692308
2025-01,Banco de Bogotá,1020562.4,42804,15428,2025-01-03,2025-01-31,23.842687599289786
2025-01,Banco de Occidente,45575.88,2246,1108,2025-01-03,2025-01-31,20.2920213713268
2025-01,Bancolombia,2033014.96,86417,24094,2025-01-03,2025-01-31,23.525636853859773
2025-01,Bancoomeva,18811.67,933,836,2025-01-03,2025-01-31,20.162561629153267
2025-01,Coopcentral,118.0,7,7,2025-01-03,2025-01-31,16.857142857142858
2025-01,Finandina,14903.22,606,421,2025-01-03,2025-01-31,24.59277227722772
2025-01,Itaú,43044.16,2070,1106,2025-01-03,2025-01-31,20.794280193236716
2025-01,Lulo Bank,91675.28,3962,2296,2025-01-03,2025-01-31,23.138637051993943
2025-01,MiBanco,74.37,3,3,2025-01-03,2025-01-31,24.790000000000003
2025-02,BBVA Colombia,195411.66,8351,4309,2025-02-07,2025-02-28,23.399791641719556
2025-02,Banco AV Villas,60642.86,3010,1936,2025-02-07,2025-02-28,20.147129568106312
2025-02,Banco Agrario,7942.08,345,344,2025-02-07,2025-02-28,23.020521739130434
2025-02,Banco Caja Social,135705.6,5628,4117,2025-02-07,2025-02-28,24.11257995735608
2025-02,Banco Davibank,233803.32,10242,2797,2025-02-07,2025-02-28,22.82789689513767
2025-02,Banco Davivienda,569386.37,25144,10791,2025-02-07,2025-02-28,22.645019487750556
2025-02,Banco Falabella,427244.43,17415,7646,2025-02-07,2025-02-28,24.533128337639965
2025-02,Banco GNB Sudameris,140.75,8,8,2025-02-07,2025-02-28,17.59375
2025-02,Banco Mundo Mujer,184766.67,7040,4118,2025-02-07,2025-02-28,26.245265625000002
2025-02,Banco Popular,151.82999999999998,6,6,2025-02-07,2025-02-28,25.304999999999996
2025-02,Banco Santander,102.27000000000001,14,10,2025-02-21,2025-02-28,7.305000000000001
2025-02,Banco Serfinanza,7324.33,369,332,2025-02-07,2025-02-28,19.849132791327914
2025-02,Banco Unión,463.52,18,18,2025-02-07,2025-02-28,25.75111111111111
2025-02,Banco de Bogotá,911180.1900000001,36527,14052,2025-02-07,2025-02-28,24.94538806909957
2025-02,Banco de Occidente,46219.77,2308,1089,2025-02-07,2025-02-28,20.025896880415942
2025-02,Bancolombia,1707262.73,71099,22030,2025-02-07,2025-02-28,24.012471764722427
2025-02,Bancoomeva,15114.03,706,651,2025-02-07,2025-02-28,21.407974504249292
2025-02,Coopcentral,118.39,6,6,2025-02-07,2025-02-28,19.731666666666666
2025-02,Finandina,14671.96,570,352,2025-02-07,2025-02-28,25.740280701754383
2025-02,Itaú,37896.6,1781,948,2025-02-07,2025-02-28,21.278270634475014
2025-02,Lulo Bank,149299.44,6621,3619,2025-02-07,2025-02-28,22.549379247847757
2025-02,MiBanco,26.0,1,1,2025-02-14,2025-02-14,26.0
2025-03,BBVA Colombia,293619.48,12709,5541,2025-03-07,2025-03-28,23.10327169722244
2025-03,Banco AV Villas,67045.29,3384,2005,2025-03-07,2025-03-28,19.81243794326241
2025-03,Banco Agrario,7638.53,347,344,2025-03-07,2025-03-28,22.01305475504323
2025-03,Banco Caja Social,119060.05,5037,3738,2025-03-07,2025-03-28,23.637095493349218
2025-03,Banco Contactar,14.0,1,1,2025-03-07,2025-03-07,14.0
2025-03,Banco Davibank,187398.95,8395,2495,2025-03-07,2025-03-28,22.32268612269208
2025-03,Banco Davivienda,516099.61,22658,9803,2025-03-07,2025-03-28,22.77780960367199
2025-03,Banco Falabella,375971.21,15886,6838,2025-03-07,2025-03-28,23.666826765705654
2025-03,Banco GNB Sudameris,49.3,3,3,2025-03-14,2025-03-28,16.433333333333334
2025-03,Banco Mundo Mujer,161135.43000000002,6481,3999,2025-03-07,2025-03-28,24.86274186082395
2025-03,Banco Popular,255.88,11,11,2025-03-07,2025-03-28,23.26181818181818
2025-03,Banco Santander,146.86,21,17,2025-03-14,2025-03-28,6.993333333333334
2025-03,Banco Serfinanza,9358.36,464,364,2025-03-07,2025-03-28,20.168879310344828
2025-03,Banco Unión,396.0,16,16,2025-03-07,2025-03-28,24.75
2025-03,Banco de Bogotá,793272.09,32921,12698,2025-03-07,2025-03-28,24.09623310349017
2025-03,Banco de Occidente,44938.79,2233,1015,2025-03-07,2025-03-28,20.124849977608598
2025-03,Bancolombia,1642569.27,69920,21080,2025-03-07,2025-03-28,23.492123426773457
2025-03,Bancoomeva,19165.68,955,839,2025-03-07,2025-03-28,20.068774869109948
2025-03,Coopcentral,117.0,6,6,2025-03-07,2025-03-28,19.5
2025-03,Finandina,12682.66,514,312,2025-03-07,2025-03-28,24.67443579766537
2025-03,Itaú,29100.63,1409,799,2025-03-07,2025-03-28,20.653392476933995
2025-03,Lulo Bank,138056.84,6332,3601,2025-03-07,2025-03-28,21.8030385344283
2025-03,MiBanco,73.80000000000001,3,3,2025-03-14,2025-03-28,24.600000000000005
2025-04,BBVA Colombia,177200.75,7909,4207,2025-04-04,2025-04-25,22.404950056897206
2025-04,Banco AV Villas,75466.19,3858,2415,2025-04-04,2025-04-25,19.560961638154485
2025-04,Banco Agrario,9118.14,406,404,2025-04-04,2025-04-25,22.45847290640394
2025-04,Banco Caja Social,141922.21,6022,4349,2025-04-04,2025-04-25,23.56728827632016
2025-04,Banco Davibank,332449.49,15798,3884,2025-04-04,2025-04-25,21.04377073047221
2025-04,Banco Davivienda,585402.51,25471,10984,2025-04-04,2025-04-25,22.983098818263908
2025-04,Banco Falabella,444832.92,18732,7702,2025-04-04,2025-04-25,23.747219730941705
2025-04,Banco GNB Sudameris,165.45,10,10,2025-04-04,2025-04-25,16.544999999999998
2025-04,Banco Mundo Mujer,168700.99,6620,4010,2025-04-04,2025-04-25,25.483533232628396
2025-04,Banco Popular,565.02,24,24,2025-04-04,2025-04-25,23.5425
2025-04,Banco Santander,101.45,8,7,2025-04-11,2025-04-25,12.68125
2025-04,Banco Serfinanza,9248.35,459,394,2025-04-04,2025-04-25,20.148910675381263
2025-04,Banco Unión,316.79,13,13,2025-04-04,2025-04-25,24.36846153846154
2025-04,Banco de Bogotá,768474.56,31630,11935,2025-04-04,2025-04-25,24.295749604805565
2025-04,Banco de Occidente,42561.49,2127,1053,2025-04-04,2025-04-25,20.01010343206394
2025-04,Bancolombia,2549286.76,105227,26936,2025-04-04,2025-04-25,24.226546038564244
2025-04,Bancoomeva,15152.539999999999,739,682,2025-04-04,2025-04-25,20.504113667117725
2025-04,Coopcentral,80.0,4,4,2025-04-04,2025-04-25,20.0
2025-04,Finandina,10050.95,402,256,2025-04-04,2025-04-25,25.002363184079602
2025-04,Itaú,29229.43,1463,815,2025-04-04,2025-04-25,19.979104579630896
2025-04,Lulo Bank,135112.02,6222,3487,2025-04-04,2025-04-25,21.71520732883317
2025-04,MiBanco,25.3,1,1,2025-04-25,2025-04-25,25.3
2025-05,BBVA Colombia,490259.4,21703,10272,2025-05-02,2025-05-30,22.589476109293646
2025-05,Bancien,14.03,1,1,2025-05-09,2025-05-09,14.03
2025-05,Banco AV Villas,110389.36,5628,3375,2025-05-02,2025-05-30,19.614314143567874
2025-05,Banco Agrario,13698.3,602,594,2025-05-02,2025-05-30,22.754651162790697
2025-05,Banco Caja Social,203292.74,8598,6055,2025-05-02,2025-05-30,23.644189346359617
2025-05,Banco Davibank,324733.56,14919,3868,2025-05-02,2025-05-30,21.76644279107179
2025-05,Banco Davivienda,709559.18,31061,13549,2025-05-02,2025-05-30,22.844054602234316
2025-05,Banco Falabella,695636.57,28958,10982,2025-05-02,2025-05-30,24.02225878859037
2025-05,Banco GNB Sudameris,122.78999999999999,7,7,2025-05-02,2025-05-30,17.541428571428572
2025-05,Banco Mundo Mujer,221388.61,8561,5160,2025-05-02,2025-05-30,25.860134330101623
2025-05,Banco Pichincha,25.93,1,1,2025-05-16,2025-05-16,25.93
2025-05,Banco Popular,513.04,22,21,2025-05-02,2025-05-30,23.319999999999997
2025-05,Banco Santander,141.39,19,15,2025-05-02,2025-05-30,7.44157894736842
2025-05,Banco Serfinanza,12007.02,616,554,2025-05-02,2025-05-30,19.491915584415587
2025-05,Banco Unión,676.08,27,27,2025-05-02,2025-05-23,25.040000000000003
2025-05,Banco de Bogotá,1048551.52,42735,15103,2025-05-02,2025-05-30,24.536130104130105
2025-05,Banco de Occidente,58486.7,2952,1458,2025-05-02,2025-05-30,19.812567750677506
2025-05,Bancolombia,1797675.92,77733,24315,2025-05-02,2025-05-30,23.12629024995819
2025-05,Bancoomeva,22795.07,1096,938,2025-05-02,2025-05-30,20.798421532846714
2025-05,Coopcentral,163.0,9,9,2025-05-02,2025-05-30,18.11111111111111
2025-05,Finandina,14401.05,584,360,2025-05-02,2025-05-30,24.65933219178082
2025-05,Itaú,40711.96,2042,1136,2025-05-02,2025-05-30,19.93729676787463
2025-05,Lulo Bank,185320.56,8388,4587,2025-05-02,2025-05-30,22.093533619456366
2025-05,MiBanco,102.10000000000001,4,4,2025-05-09,2025-05-16,25.525000000000002
2025-06,BBVA Colombia,195238.09,8345,4408,2025-06-06,2025-06-27,23.395816656680648
2025-06,Banco AV Villas,82543.12,4238,2409,2025-06-06,2025-06-27,19.47690420009438
2025-06,Banco Agrario,8708.15,388,384,2025-06-06,2025-06-27,22.44368556701031
2025-06,Banco Caja Social,129573.59,5512,3984,2025-06-06,2025-06-27,23.50754535558781
2025-06,Banco Davibank,215772.82,10067,2685,2025-06-06,2025-06-27,21.433676368332176
2025-06,Banco Davivienda,501425.0,23235,9425,2025-06-06,2025-06-27,21.580589627716808
2025-06,Banco Falabella,435621.03,18350,7506,2025-06-06,2025-06-27,23.739565667574933
2025-06,Banco GNB Sudameris,82.73,5,5,2025-06-13,2025-06-20,16.546
2025-06,Banco Mundo Mujer,164020.09,6429,3846,2025-06-06,2025-06-27,25.512535386529787
2025-06,Banco Popular,186.28,8,8,2025-06-06,2025-06-27,23.285
2025-06,Banco Santander,13.5,3,3,2025-06-27,2025-06-27,4.5
2025-06,Banco Serfinanza,14467.51,824,648,2025-06-06,2025-06-27,17.557657766990292
2025-06,Banco Unión,570.07,23,21,2025-06-06,2025-06-27,24.785652173913046
2025-06,Banco de Bogotá,718029.35,29584,10320,2025-06-06,2025-06-27,24.270867698756085
2025-06,Banco de Occidente,42517.19,2188,1057,2025-06-06,2025-06-27,19.43198811700183
2025-06,Bancolombia,693201.0,33615,12072,2025-06-06,2025-06-27,20.62177599286033
2025-06,Bancoomeva,21914.87,1025,880,2025-06-06,2025-06-27,21.380360975609754
2025-06,Coopcentral,159.78,9,9,2025-06-06,2025-06-27,17.753333333333334
2025-06,Finandina,11044.87,477,273,2025-06-06,2025-06-27,23.154863731656185
2025-06,Itaú,27062.95,1379,848,2025-06-06,2025-06-27,19.625054387237128
2025-06,Lulo Bank,117324.24,5271,2911,2025-06-06,2025-06-27,22.258440523619807
2025-06,MiBanco,252.5,10,10,2025-06-13,2025-06-27,25.25
2025-07,BBVA Colombia,301172.88,13451,6214,2025-07-04,2025-07-25,22.390370976135603
2025-07,Banco AV Villas,70420.15,3519,2200,2025-07-04,2025-07-25,20.011409491332763
2025-07,Banco Agrario,6755.889999999999,308,308,2025-07-04,2025-07-25,21.93470779220779
2025-07,Banco Caja Social,144801.93,6220,4379,2025-07-04,2025-07-25,23.28005305466238
2025-07,Banco Davibank,286136.65,13396,3520,2025-07-04,2025-07-25,21.35985742012541
2025-07,Banco Davivienda,513768.95,24397,9436,2025-07-04,2025-07-25,21.05869369184736
2025-07,Banco Falabella,506493.97,21794,8316,2025-07-04,2025-07-25,23.240064696705513
2025-07,Banco GNB Sudameris,108.12,6,6,2025-07-04,2025-07-25,18.02
2025-07,Banco Mundo Mujer,162268.02000000002,6553,3962,2025-07-04,2025-07-25,24.762401953303833
2025-07,Banco Popular,205.94,9,9,2025-07-04,2025-07-25,22.88222222222222
2025-07,Banco Santander,88.36,8,8,2025-07-11,2025-07-25,11.045
2025-07,Banco Serfinanza,17409.8,997,777,2025-07-04,2025-07-25,17.462186559679036
2025-07,Banco Unión,461.75,19,17,2025-07-04,2025-07-25,24.30263157894737
2025-07,Banco de Bogotá,780182.7,33469,12454,2025-07-04,2025-07-25,23.31060683020108
2025-07,Banco de Occidente,43913.29,2232,1036,2025-07-04,2025-07-25,19.674413082437276
2025-07,Bancolombia,709489.19,34482,12232,2025-07-04,2025-07-25,20.575639174061827
2025-07,Bancoomeva,18872.8,881,784,2025-07-04,2025-07-25,21.422020431328036
2025-07,Coopcentral,174.0,9,9,2025-07-04,2025-07-25,19.333333333333332
2025-07,Finandina,12243.55,556,309,2025-07-04,2025-07-25,22.020773381294962
2025-07,Itaú,26475.22,1402,840,2025-07-04,2025-07-25,18.88389443651926
2025-07,Lulo Bank,157068.14,7282,3968,2025-07-04,2025-07-25,21.569368305410602
2025-07,MiBanco,220.04999999999998,9,9,2025-07-04,2025-07-25,24.45
2025-08,BBVA Colombia,228254.76,10623,5551,2025-08-01,2025-08-29,21.486845523863316
2025-08,Banco AV Villas,95863.41,4877,3000,2025-08-01,2025-08-29,19.656225138404757
2025-08,Banco Agrario,12150.07,549,544,2025-08-01,2025-08-29,22.13127504553734
2025-08,Banco Caja Social,195511.53,8410,5774,2025-08-01,2025-08-29,23.24750653983353
2025-08,Banco Davibank,288731.84,13381,3976,2025-08-01,2025-08-29,21.577747552499815
2025-08,Banco Davivienda,712720.99,33802,14111,2025-08-01,2025-08-29,21.085172179160995
2025-08,Banco Falabella,568580.8,24287,9519,2025-08-01,2025-08-29,23.410911187054804
2025-08,Banco GNB Sudameris,114.4,7,7,2025-08-08,2025-08-29,16.342857142857145
2025-08,Banco Mundo Mujer,217950.26,8704,5149,2025-08-01,2025-08-29,25.040241268382353
2025-08,Banco Popular,160.9,7,7,2025-08-01,2025-08-29,22.985714285714288
2025-08,Banco Santander,92.92,10,7,2025-08-15,2025-08-29,9.292
2025-08,Banco Serfinanza,20155.54,1205,954,2025-08-01,2025-08-29,16.726589211618258
2025-08,Banco Unión,394.05,16,16,2025-08-01,2025-08-29,24.628125
2025-08,Banco de Bogotá,1054079.61,45098,15330,2025-08-01,2025-08-29,23.373089937469512
2025-08,Banco de Occidente,64076.78,3329,1481,2025-08-01,2025-08-29,19.24805647341544
2025-08,Bancolombia,862101.16,41232,14534,2025-08-01,2025-08-29,20.90854578967792
2025-08,Bancoomeva,31098.35,1543,1309,2025-08-01,2025-08-29,20.15447180816591
2025-08,Coopcentral,414.89,22,22,2025-08-01,2025-08-29,18.858636363636364
2025-08,Finandina,16755.07,779,404,2025-08-01,2025-08-29,21.508433889602053
2025-08,Itaú,37434.13,2001,1097,2025-08-01,2025-08-29,18.707711144427783
2025-08,Lulo Bank,211129.99,10013,5515,2025-08-01,2025-08-29,21.08558773594327
2025-08,MiBanco,221.25,9,9,2025-08-01,2025-08-15,24.583333333333332
2025-09,BBVA Colombia,331818.39,15163,6508,2025-09-05,2025-09-26,21.883426103013917
2025-09,Banco AV Villas,89208.11,4682,2809,2025-09-05,2025-09-26,19.05341947885519
2025-09,Banco Agrario,9783.6,443,440,2025-09-05,2025-09-26,22.08487584650113
2025-09,Banco Caja Social,167203.5,7201,4964,2025-09-05,2025-09-26,23.219483405082627
2025-09,Banco Davibank,265807.5,12134,3499,2025-09-05,2025-09-26,21.906007911653205
2025-09,Banco Davivienda,626525.51,29841,12316,2025-09-05,2025-09-26,20.995459602560235
2025-09,Banco Falabella,489160.63,21010,7976,2025-09-05,2025-09-26,23.282276534983342
2025-09,Banco GNB Sudameris,146.15,9,9,2025-09-05,2025-09-26,16.23888888888889
2025-09,Banco Mundo Mujer,178533.22,7152,4244,2025-09-05,2025-09-26,24.962698545861297
2025-09,Banco Popular,285.5,12,12,2025-09-05,2025-09-26,23.791666666666668
2025-09,Banco Santander,43.760000000000005,7,7,2025-09-05,2025-09-26,6.251428571428572
2025-09,Banco Serfinanza,7523.6,419,366,2025-09-05,2025-09-26,17.956085918854416
2025-09,Banco Unión,423.29999999999995,17,17,2025-09-05,2025-09-26,24.9
2025-09,Banco de Bogotá,923390.77,39244,14118,2025-09-05,2025-09-26,23.529476353073083
2025-09,Banco de Occidente,48758.9,2518,1160,2025-09-05,2025-09-26,19.364138204924544
2025-09,Bancolombia,895282.37,42504,14454,2025-09-05,2025-09-26,21.063485083756824
2025-09,Bancoomeva,22445.02,1186,1020,2025-09-05,2025-09-26,18.92497470489039
2025-09,Coopcentral,368.78,19,19,2025-09-05,2025-09-26,19.409473684210525
2025-09,Finandina,13804.31,641,346,2025-09-05,2025-09-26,21.535585023400934
2025-09,Itaú,36428.83,1985,1049,2025-09-05,2025-09-26,18.35205541561713
2025-09,Lulo Bank,145971.03,6848,3831,2025-09-05,2025-09-26,21.315863025700935
2025-10,BBVA Colombia,426881.41,19146,8509,2025-10-03,2025-10-31,22.2961145931265
2025-10,Banco AV Villas,113456.42,6013,3231,2025-10-03,2025-10-31,18.868521536670546
2025-10,Banco Agrario,13586.560000000001,627,620,2025-10-03,2025-10-31,21.66915470494418
2025-10,Banco Caja Social,198745.45,8620,5986,2025-10-03,2025-10-31,23.056316705336428
2025-10,Banco Davibank,342740.6,16000,4599,2025-10-03,2025-10-31,21.4212875
2025-10,Banco Davivienda,819744.85,39012,15321,2025-10-03,2025-10-31,21.01263329232031
2025-10,Banco Falabella,572875.86,25211,9786,2025-10-03,2025-10-31,22.72325016857721
2025-10,Banco GNB Sudameris,157.05,11,11,2025-10-03,2025-10-31,14.27727272727273
2025-10,Banco Mundo Mujer,211202.29,8666,5170,2025-10-03,2025-10-31,24.37136972074775
2025-10,Banco Popular,377.02,16,16,2025-10-03,2025-10-31,23.56375
2025-10,Banco Santander,37.120000000000005,5,4,2025-10-24,2025-10-24,7.424000000000001
2025-10,Banco Serfinanza,16408.58,929,760,2025-10-03,2025-10-31,17.662626480086114
2025-10,Banco Unión,669.77,28,23,2025-10-03,2025-10-31,23.920357142857142
2025-10,Banco de Bogotá,1145814.6300000001,49863,17988,2025-10-03,2025-10-31,22.979255760784554
2025-10,Banco de Occidente,65611.37,3355,1551,2025-10-03,2025-10-31,19.55629508196721
2025-10,Bancolombia,1281824.72,60726,20269,2025-10-03,2025-10-31,21.1083344860521
2025-10,Bancoomeva,20765.15,1116,949,2025-10-03,2025-10-31,18.60676523297491
2025-10,Coopcentral,276.39,17,17,2025-10-03,2025-10-31,16.258235294117647
2025-10,Finandina,14477.27,688,392,2025-10-03,2025-10-31,21.042543604651165
2025-10,Itaú,43363.79,2373,1258,2025-10-03,2025-10-31,18.273826380109565
2025-10,Lulo Bank,166123.22,7915,4511,2025-10-03,2025-10-31,20.98840429564119
2025-11,BBVA Colombia,321491.38,13735,6203,2025-11-07,2025-11-28,23.406725882781217
2025-11,Banco AV Villas,79052.93,4097,1997,2025-11-07,2025-11-28,19.295320966560897
2025-11,Banco Agrario,10702.92,485,474,2025-11-07,2025-11-28,22.067876288659793
2025-11,Banco Caja Social,171325.91,7339,4998,2025-11-07,2025-11-28,23.344585093336967
2025-11,Banco Davibank,224836.47,10316,3215,2025-11-07,2025-11-28,21.794927297402094
2025-11,Banco Davivienda,762408.27,35911,13667,2025-11-07,2025-11-28,21.230493999053216
2025-11,Banco Falabella,495612.79,21419,8201,2025-11-07,2025-11-28,23.138932256407863
2025-11,Banco GNB Sudameris,230.35,15,15,2025-11-07,2025-11-28,15.356666666666666
2025-11,Banco Mundo Mujer,167059.27,6701,4002,2025-11-07,2025-11-28,24.93049843306969
2025-11,Banco Popular,196.96,9,9,2025-11-07,2025-11-28,21.884444444444444
2025-11,Banco Santander,78.78,14,11,2025-11-28,2025-11-28,5.627142857142857
2025-11,Banco Serfinanza,7973.57,433,403,2025-11-07,2025-11-28,18.414711316397227
2025-11,Banco Unión,572.6999999999999,23,22,2025-11-07,2025-11-28,24.9
2025-11,Banco de Bogotá,982867.26,41748,14362,2025-11-07,2025-11-28,23.54285858005174
2025-11,Banco de Occidente,47653.93,2387,1134,2025-11-07,2025-11-28,19.96394218684541
2025-11,Bancolombia,891639.75,41934,15737,2025-11-07,2025-11-28,21.262931034482758
2025-11,Bancoomeva,19754.59,1161,986,2025-11-07,2025-11-28,17.015150732127477
2025-11,Coopcentral,187.39,10,10,2025-11-07,2025-11-28,18.738999999999997
2025-11,Finandina,10002.3,448,274,2025-11-07,2025-11-28,22.326562499999998
2025-11,Itaú,29625.03,1646,844,2025-11-07,2025-11-28,17.998195625759415
2025-11,Lulo Bank,189515.45,8906,4484,2025-11-07,2025-11-28,21.27952503929935
2025-11,MiBanco,73.94999999999999,3,3,2025-11-07,2025-11-21,24.649999999999995
2025-12,BBVA Colombia,379370.1,15676,6735,2025-12-05,2025-12-26,24.200695330441437
2025-12,Banco AV Villas,67857.27,3503,1874,2025-12-05,2025-12-26,19.37118755352555
2025-12,Banco Agrario,9507.09,430,424,2025-12-05,2025-12-26,22.109511627906976
2025-12,Banco Caja Social,136737.87,5877,4199,2025-12-05,2025-12-26,23.266610515569166
2025-12,Banco Contactar,674.46,27,25,2025-12-05,2025-12-05,24.98
2025-12,Banco Davibank,149949.99,6953,2477,2025-12-05,2025-12-26,21.566228965913993
2025-12,Banco Davivienda,621661.1,28686,11346,2025-12-05,2025-12-26,21.671236840270513
2025-12,Banco Falabella,462514.94,19862,7902,2025-12-05,2025-12-26,23.28642332091431
2025-12,Banco GNB Sudameris,179.96,12,12,2025-12-05,2025-12-26,14.996666666666668
2025-12,Banco Mundo Mujer,153535.88999999998,6152,3850,2025-12-05,2025-12-26,24.95706924577373
2025-12,Banco Popular,216.81,9,9,2025-12-05,2025-12-26,24.09
2025-12,Banco Santander,75.94,9,6,2025-12-05,2025-12-26,8.437777777777777
2025-12,Banco Serfinanza,8143.5,419,390,2025-12-05,2025-12-26,19.435560859188545
2025-12,Banco Unión,772.41,31,27,2025-12-05,2025-12-26,24.916451612903224
2025-12,Banco de Bogotá,973406.48,40965,14184,2025-12-05,2025-12-26,23.761906017331867
2025-12,Banco de Occidente,43634.71,2177,1057,2025-12-05,2025-12-26,20.043504823151125
2025-12,Bancolombia,815294.69,38044,15886,2025-12-05,2025-12-26,21.430309378614236
2025-12,Bancoomeva,16739.16,908,811,2025-12-05,2025-12-26,18.435198237885462
2025-12,Coopcentral,205.39,11,11,2025-12-05,2025-12-26,18.671818181818182
2025-12,Finandina,8452.31,365,220,2025-12-05,2025-12-26,23.157013698630134
2025-12,Itaú,29253.28,1543,898,2025-12-05,2025-12-26,18.958703823720025
2025-12,Lulo Bank,185800.01,8953,4796,2025-12-05,2025-12-26,20.75282140064783
2026-01,BBVA Colombia,420175.57,17611,7808,2026-01-02,2026-01-30,23.85870024416558
2026-01,Bancien,28.06,2,2,2026-01-30,2026-01-30,14.03
2026-01,Banco AV Villas,66456.89,3439,1952,2026-01-02,2026-01-30,19.32448095376563
2026-01,Banco Agrario,9836.04,453,449,2026-01-02,2026-01-30,21.71311258278146
2026-01,Banco Caja Social,155785.6,6678,4778,2026-01-02,2026-01-30,23.32818209044624
2026-01,Banco Davibank,221624.4,10736,3426,2026-01-02,2026-01-30,20.643107302533533
2026-01,Banco Davivienda,663820.35,29297,10707,2026-01-02,2026-01-30,22.658304604567018
2026-01,Banco Falabella,522407.15,22984,9362,2026-01-02,2026-01-30,22.72916594152454
2026-01,Banco GNB Sudameris,131.26,8,8,2026-01-02,2026-01-30,16.4075
2026-01,Banco Mundo Mujer,194511.4,7968,4721,2026-01-02,2026-01-30,24.41157128514056
2026-01,Banco Popular,24.46,1,1,2026-01-02,2026-01-02,24.46
2026-01,Banco Serfinanza,6426.6,322,301,2026-01-02,2026-01-30,19.958385093167703
2026-01,Banco Unión,674.64,28,28,2026-01-02,2026-01-30,24.094285714285714
2026-01,Banco de Bogotá,1172233.87,50463,20081,2026-01-02,2026-01-30,23.229571567286925
2026-01,Banco de Occidente,52593.44,2563,1274,2026-01-02,2026-01-30,20.52026531408506
2026-01,Bancolombia,817257.85,38755,16777,2026-01-02,2026-01-30,21.08780415430267
2026-01,Bancoomeva,18088.16,920,852,2026-01-02,2026-01-30,19.66104347826087
2026-01,Coopcentral,195.0,11,11,2026-01-02,2026-01-30,17.727272727272727
2026-01,Finandina,8579.73,368,238,2026-01-02,2026-01-30,23.31448369565217
2026-01,Itaú,40075.3,2115,1180,2026-01-02,2026-01-30,18.948132387706856
2026-01,Lulo Bank,195698.29,9355,5149,2026-01-02,2026-01-30,20.919111704970604
2026-02,BBVA Colombia,359617.25,14907,6462,2026-02-06,2026-02-27,24.124052458576507
2026-02,Banco AV Villas,72619.58,3683,1973,2026-02-06,2026-02-27,19.71750746673907
2026-02,Banco Agrario,10396.140000000001,467,459,2026-02-06,2026-02-27,22.261541755888654
2026-02,Banco Caja Social,147282.21,6356,4472,2026-02-06,2026-02-27,23.172153870358716
2026-02,Banco Davibank,188719.58,8484,2989,2026-02-06,2026-02-27,22.244174917491748
2026-02,Banco Davivienda,554382.62,24045,8889,2026-02-06,2026-02-27,23.056045747556663
2026-02,Banco Falabella,425209.2,18275,7581,2026-02-06,2026-02-27,23.267261285909715
2026-02,Banco GNB Sudameris,177.29,10,10,2026-02-06,2026-02-27,17.729
2026-02,Banco Mundo Mujer,172533.8,6864,3948,2026-02-06,2026-02-27,25.13604312354312
2026-02,Banco Popular,99.37,4,4,2026-02-06,2026-02-20,24.8425
2026-02,Banco Santander,5.0,1,1,2026-02-27,2026-02-27,5.0
2026-02,Banco Serfinanza,6715.68,353,299,2026-02-06,2026-02-27,19.02458923512748
2026-02,Banco Unión,982.4100000000001,39,38,2026-02-06,2026-02-27,25.19
2026-02,Banco de Bogotá,1056973.18,43888,18808,2026-02-06,2026-02-27,24.08342098067809
2026-02,Banco de Occidente,51535.68,2398,1159,2026-02-06,2026-02-27,21.49110925771476
2026-02,Bancolombia,903849.9,40918,16852,2026-02-06,2026-02-27,22.089298108411946
2026-02,Bancoomeva,17763.15,913,808,2026-02-06,2026-02-27,19.45580503833516
2026-02,Coopcentral,235.0,13,13,2026-02-06,2026-02-27,18.076923076923077
2026-02,Finandina,9456.23,395,260,2026-02-06,2026-02-27,23.939822784810126
2026-02,Itaú,35143.090000000004,1937,1069,2026-02-06,2026-02-27,18.143051109963864
2026-02,Lulo Bank,153532.58,7227,4036,2026-02-06,2026-02-27,21.24430330704303
