banco_original,banco
BBVA Colombia,BBVA Colombia
Bancien,Bancien
AV Villas,Banco AV Villas
Banagrario,Banco Agrario
Banco Caja Social S.A.,Banco Caja Social
Banco Contactar,Banco Contactar
Banco Davibank,Banco Davibank
Scotiabank Colpatria S.A.,Banco Davibank
Banco Davivienda,Banco Davivienda
Banco Falabella S.A.,Banco Falabella
Banco GNB Sudameris,Banco GNB Sudameris
Banco Mundo Mujer S.A.,Banco Mundo Mujer
Banco Pichincha S.A.,Banco Pichincha
Banco Popular,Banco Popular
Banco Santander,Banco Santander
Banco Serfinanza S.A.,Banco Serfinanza
Banco Unión,Banco Unión
Banco de Bogotá,Banco de Bogotá
Banco de Occidente,Banco de Occidente
Bancolombia,Bancolombia
Bancoomeva,Bancoomeva
Coopcentral,Coopcentral
Finandina,Finandina
Itaú,Itaú
Lulo Bank,Lulo Bank
Mibanco S.A.,MiBanco
